,sqft_lot,price
0,7912,313000.0
1,9050,2384000.0
2,11947,342000.0
3,8030,420000.0
4,10500,550000.0
5,6380,490000.0
6,2560,335000.0
7,35868,482000.0
8,88426,452500.0
9,6200,640000.0
10,7320,463000.0
11,4000,1400000.0
12,14892,588500.0
13,6435,365000.0
14,9480,1200000.0
15,9720,242500.0
16,6700,419000.0
17,7231,367500.0
18,5858,257950.0
19,10277,275000.0
20,10578,750000.0
21,8800,435000.0
22,1572,626000.0
23,12261,612500.0
24,6380,495000.0
25,10834,285000.0
26,7291,615000.0
27,11250,698000.0
28,67518,675000.0
29,4750,790000.0
30,8700,382500.0
31,3345,499950.0
32,5000,650000.0
33,8408,625000.0
34,42884,400000.0
35,33151,604000.0
36,4850,440000.0
37,19966,287200.0
38,13100,403000.0
39,6550,750000.0
40,16215,335000.0
41,8625,260000.0
42,6174,308500.0
43,2875,439950.0
44,9400,235000.0
45,9180,315000.0
46,35100,437500.0
47,10460,407500.0
48,1180,445700.0
49,42998,838000.0
50,37277,630000.0
51,35200,550000.0
52,4500,805000.0
53,23103,284000.0
54,9655,470000.0
55,10000,430000.0
56,125452,491500.0
57,11995,785000.0
58,1327,385000.0
59,1368,295000.0
60,6500,555000.0
61,5539,459990.0
62,54014,625000.0
63,5050,300000.0
64,6605,625000.0
65,5000,553000.0
66,14054,379880.0
67,9945,310000.0
68,7392,775000.0
69,7350,365000.0
70,9933,331950.0
71,7130,783500.0
72,6010,628000.0
73,8744,560000.0
74,77972,900000.0
75,1175,531000.0
76,4000,831000.0
77,10281,780000.0
78,10202,755000.0
79,4343,705380.0
80,7712,627000.0
81,9892,865000.0
82,7000,580000.0
83,36704,410000.0
84,7048,485000.0
85,9519,400000.0
86,5400,549000.0
87,2185,620000.0
88,1240,405000.0
89,8063,232000.0
90,13806,800866.0
91,9000,650000.0
92,5000,823000.0
93,5700,770000.0
94,5520,524000.0
95,8426,541125.0
96,2000,670000.0
97,12750,384900.0
98,1332,406100.0
99,8510,1395000.0
100,21904,736500.0
101,6000,570000.0
102,7500,787000.0
103,6500,328000.0
104,9240,435000.0
105,6479,499000.0
106,7519,501000.0
107,141570,1090000.0
108,5510,400000.0
109,9600,220000.0
110,4240,657100.0
111,5000,309950.0
112,10072,300000.0
113,71874,525888.0
114,3600,740000.0
115,9022,340000.0
116,4000,398750.0
117,7158,206000.0
118,16920,1030000.0
119,39639,600000.0
120,9389,379950.0
121,6000,287000.0
122,307752,2280000.0
123,7838,309950.0
124,6360,600000.0
125,6030,418000.0
126,3844,449250.0
127,5250,329950.0
128,9306,245000.0
129,6338,549000.0
130,7857,800000.0
131,15040,249950.0
132,10200,210000.0
133,4000,1425000.0
134,8640,585000.0
135,11700,615000.0
136,5000,618500.0
137,9211,487585.0
138,2700,509900.0
139,6651,631625.0
140,3211,555000.0
141,1438,340000.0
142,9692,830000.0
143,5750,890000.0
144,2017,366750.0
145,998,415000.0
146,989,416286.0
147,4535,478000.0
148,6000,890000.0
149,1426,419190.0
150,4247,712198.0
151,7680,397000.0
152,3000,450000.0
153,7740,353000.0
154,37981,609000.0
155,8366,234000.0
156,7000,561000.0
157,4400,469000.0
158,6687,329350.0
159,5000,488000.0
160,8151,279900.0
161,13850,606000.0
162,7054,312000.0
163,7475,650000.0
164,8103,1135000.0
165,6156,325000.0
166,7983,425000.0
167,5160,219000.0
168,6874,250000.0
169,6500,390000.0
170,117612,475000.0
171,12047,736000.0
172,23400,407000.0
173,13816,272000.0
174,14374,362000.0
175,10109,535000.0
176,5390,284000.0
177,9647,367500.0
178,11600,379900.0
179,54885,520000.0
180,7034,175000.0
181,929,460000.0
182,3826,345000.0
183,7770,455000.0
184,10117,610000.0
185,15480,563000.0
186,5000,612500.0
187,7684,218000.0
188,10720,404000.0
189,32417,860000.0
190,8580,136500.0
191,6083,313950.0
192,6500,575000.0
193,6906,1225000.0
194,11800,280000.0
195,7167,515000.0
196,5684,513000.0
197,29930,599000.0
198,7864,685000.0
199,8160,365000.0
200,14550,762300.0
201,10920,1580000.0
202,8111,562000.0
203,9636,530000.0
204,11985,525000.0
205,6000,484000.0
206,12369,725126.0
207,18768,360000.0
208,9568,387000.0
209,45732,483500.0
210,8330,655500.0
211,6250,345000.0
212,3780,533000.0
213,5520,385000.0
214,36478,675000.0
215,7735,197000.0
216,4080,485000.0
217,15175,1870000.0
218,8000,295000.0
219,2400,499000.0
220,1970,1050000.0
221,8850,191000.0
222,1171,500000.0
223,5000,390000.0
224,4047,979000.0
225,8327,580000.0
226,1320,369950.0
227,10279,1800000.0
228,6425,776000.0
229,1249,519950.0
230,8632,255000.0
231,6000,495000.0
232,5203,510000.0
233,103382,1150000.0
234,10122,253000.0
235,6760,503000.0
236,7000,275000.0
237,8423,249000.0
238,10723,310000.0
239,5401,750000.0
240,327135,630000.0
241,6988,599999.0
242,9549,758000.0
243,10018,248500.0
244,37904,310000.0
245,9055,460000.0
246,10500,675000.0
247,2400,526000.0
248,60392,560000.0
249,9548,415000.0
250,7410,246000.0
251,12381,314500.0
252,8856,3200000.0
253,3500,420000.0
254,149410,535000.0
255,9360,350000.0
256,9147,515000.0
257,6050,749950.0
258,9180,230000.0
259,5080,568000.0
260,4373,250000.0
261,13695,581000.0
262,108366,651000.0
263,108900,600000.0
264,3885,500000.0
265,2723,475000.0
266,8560,352000.0
267,8165,420000.0
268,3900,428000.0
269,4788,599000.0
270,16164,492000.0
271,5663,630000.0
272,226076,900000.0
273,13300,1110000.0
274,5000,575000.0
275,4316,705000.0
276,5940,940000.0
277,8000,313000.0
278,6500,618080.0
279,5175,640000.0
280,4160,485000.0
281,3001,300000.0
282,17335,379500.0
283,12295,339950.0
284,6480,1500000.0
285,5500,1340000.0
286,37565,500000.0
287,7566,239900.0
288,16986,314950.0
289,6400,361280.0
290,22000,100000.0
291,7647,540000.0
292,11200,480500.0
293,4271,280000.0
294,6180,440000.0
295,4284,530000.0
296,13374,560000.0
297,7200,775000.0
298,13100,160000.0
299,11130,209950.0
300,10762,226500.0
301,6000,380000.0
302,13000,409500.0
303,6428,690000.0
304,8307,405000.0
305,13042,375000.0
306,8556,794154.0
307,6600,185000.0
308,1270,245000.0
309,8076,1532500.0
310,8391,1040000.0
311,1027,425000.0
312,21195,495000.0
313,5003,365000.0
314,1452,417250.0
315,681,339950.0
316,6872,615000.0
317,8354,403000.0
318,11470,980000.0
319,8320,258000.0
320,4080,533000.0
321,4630,537500.0
322,9601,830000.0
323,4620,712000.0
324,6236,262000.0
325,5500,753888.0
326,5000,134000.0
327,8000,402000.0
328,5040,205000.0
329,1349,553650.0
330,4950,559950.0
331,8800,260000.0
332,6509,270000.0
333,89298,295000.0
334,4500,719000.0
335,8547,266000.0
336,6270,325900.0
337,26036,647500.0
338,5000,1039000.0
339,41688,569000.0
340,7399,246000.0
341,4960,515000.0
342,8995,207000.0
343,9195,780000.0
344,20828,489990.0
345,87625,335000.0
346,7229,295000.0
347,9920,385000.0
348,13515,350000.0
349,3008,235000.0
350,1808,358000.0
351,6465,716500.0
352,6120,228000.0
353,8155,405000.0
354,9600,538000.0
355,6760,530000.0
356,5760,1750000.0
357,3600,636000.0
358,65836,535000.0
359,12757,1500000.0
360,3942,868500.0
361,2850,530000.0
362,43560,450000.0
363,6000,230000.0
364,3000,229000.0
365,9282,437000.0
366,3200,1307000.0
367,3354,595000.0
368,5750,660000.0
369,7350,347500.0
370,10800,297950.0
371,7964,245000.0
372,15600,543200.0
373,24166,1250000.0
374,1614,413450.0
375,435600,330000.0
376,7700,424500.0
377,16000,230000.0
378,4080,930000.0
379,9620,349000.0
380,6960,835000.0
381,16807,988500.0
382,1197,500000.0
383,957,499000.0
384,1277,321950.0
385,4729,494000.0
386,1060,441750.0
387,1179,438000.0
388,37769,985000.0
389,11050,352000.0
390,13592,839900.0
391,10819,765000.0
392,5500,460000.0
393,8355,224500.0
394,4597,254000.0
395,28717,255000.0
396,45302,610000.0
397,11025,920000.0
398,11951,402500.0
399,8700,280950.0
400,7753,604000.0
401,7447,565000.0
402,7980,255000.0
403,6000,445000.0
404,11665,2400000.0
405,18000,195000.0
406,48257,275000.0
407,1606,387000.0
408,3300,490000.0
409,5824,505000.0
410,10464,303500.0
411,6337,270000.0
412,7213,323000.0
413,1253,382000.0
414,9450,1370000.0
415,14439,280000.0
416,8075,260000.0
417,8320,201500.0
418,52889,1157200.0
419,4000,536500.0
420,5883,248000.0
421,57499,532000.0
422,6268,580000.0
423,4400,463000.0
424,3773,742500.0
425,14850,260000.0
426,32496,590000.0
427,7452,312000.0
428,10140,566000.0
429,7293,511555.0
430,4000,583000.0
431,13300,290000.0
432,8078,311100.0
433,1694,325000.0
434,11340,491300.0
435,8100,315000.0
436,81892,360000.0
437,3784,330000.0
438,4800,481450.0
439,9948,234950.0
440,7250,251000.0
441,20345,782000.0
442,10308,833000.0
443,14289,542500.0
444,107290,851000.0
445,70800,325000.0
446,48787,415000.0
447,6127,252500.0
448,9653,465000.0
449,120661,336900.0
450,9202,225000.0
451,9583,270000.0
452,23716,1702500.0
453,5413,536000.0
454,29252,585000.0
455,6634,445000.0
456,7490,320000.0
457,3047,769900.0
458,4500,557000.0
459,1525,212000.0
460,1384,376000.0
461,159430,800000.0
462,130017,2238888.0
463,904,324000.0
464,7015,549900.0
465,6969,320000.0
466,6000,875000.0
467,9533,265000.0
468,1250,394950.0
469,5298,842500.0
470,1350,368000.0
471,101930,1225000.0
472,5000,885000.0
473,2287,453246.0
474,12090,927000.0
475,1391,490000.0
476,7119,341000.0
477,2451,235000.0
478,8078,1200000.0
479,216777,560000.0
480,38412,900000.0
481,2500,255000.0
482,20150,1575000.0
483,12508,876650.0
484,228254,540000.0
485,4500,350000.0
486,4930,750000.0
487,4650,582000.0
488,3997,1315000.0
489,10090,372500.0
490,16921,410000.0
491,5500,360000.0
492,34527,1015000.0
493,8012,225000.0
494,6887,647000.0
495,258746,950000.0
496,8470,185000.0
497,4927,335000.0
498,2643,210000.0
499,8623,522000.0
500,5000,770000.0
501,6380,499950.0
502,6142,751000.0
503,7715,330000.0
504,11358,465000.0
505,11914,850000.0
506,12329,947500.0
507,7813,302000.0
508,1334,500000.0
509,9750,201000.0
510,2828,265000.0
511,3150,870300.0
512,8100,339000.0
513,13463,690000.0
514,5759,788000.0
515,8040,315275.0
516,4800,505000.0
517,9898,368000.0
518,27144,947500.0
519,8580,156000.0
520,5000,610000.0
521,1369,420000.0
522,10540,192000.0
523,6120,910000.0
524,9687,1300000.0
525,20021,1346400.0
526,2750,840000.0
527,8100,300000.0
528,6369,505000.0
529,53143,110000.0
530,8950,746000.0
531,7620,211000.0
532,3340,675000.0
533,5000,734200.0
534,16028,1225000.0
535,28593,615000.0
536,6000,630000.0
537,9170,1264000.0
538,1333,301500.0
539,895,369000.0
540,1433,635000.0
541,5187,1033888.0
542,6223,383000.0
543,11000,1050000.0
544,7685,455000.0
545,7119,819900.0
546,1846,625000.0
547,7140,651000.0
548,35000,480000.0
549,5283,757000.0
550,10450,460000.0
551,8165,267345.0
552,4950,530000.0
553,6610,449500.0
554,7315,289000.0
555,5710,373000.0
556,4591,525000.0
557,59677,777000.0
558,7500,550000.0
559,7735,523000.0
560,6000,628000.0
561,8164,581000.0
562,7902,245000.0
563,5000,415000.0
564,16672,1895000.0
565,7500,225000.0
566,9600,287000.0
567,2370,799200.0
568,33888,239950.0
569,2400,591000.0
570,8398,700000.0
571,8700,475000.0
572,11750,575000.0
573,6120,771000.0
574,6232,155000.0
575,8100,550000.0
576,13750,645000.0
577,8970,464000.0
578,16625,1050000.0
579,14298,350000.0
580,38180,591000.0
581,26211,2555000.0
582,3880,717000.0
583,12559,225000.0
584,6535,225000.0
585,7200,345000.0
586,5360,230000.0
587,6600,385000.0
588,2640,90000.0
589,11119,860000.0
590,5548,675000.0
591,7494,975000.0
592,10495,780000.0
593,8254,370000.0
594,5820,665000.0
595,9600,675000.0
596,4050,620000.0
597,4000,1105000.0
598,892,450000.0
599,42180,450000.0
600,8190,530000.0
601,13320,635000.0
602,7125,580000.0
603,17458,1550000.0
604,8640,285000.0
605,9486,375000.0
606,7924,1400000.0
607,5000,560000.0
608,13529,405000.0
609,6000,413000.0
610,8251,287600.0
611,23723,1680000.0
612,7210,225000.0
613,12823,319000.0
614,14200,322500.0
615,5401,570000.0
616,5112,465000.0
617,6355,435000.0
618,5616,502000.0
619,5086,525000.0
620,1161,525000.0
621,5196,660000.0
622,6773,870000.0
623,4861,650000.0
624,5602,505000.0
625,5008,330000.0
626,4980,385000.0
627,1086,306000.0
628,5000,546000.0
629,7350,925000.0
630,8250,542000.0
631,4400,800000.0
632,3832,620000.0
633,8925,175000.0
634,31675,740000.0
635,15003,345000.0
636,26460,510000.0
637,15002,530000.0
638,5200,155000.0
639,7214,266000.0
640,8250,257200.0
641,5706,265000.0
642,5500,372220.0
643,7314,337500.0
644,4800,582500.0
645,9600,489200.0
646,3522,405100.0
647,1618,372977.0
648,9876,310000.0
649,3825,538000.0
650,7200,1400000.0
651,5011,317000.0
652,6750,702500.0
653,14667,565000.0
654,4004,723000.0
655,30007,766950.0
656,5120,682000.0
657,6049,325000.0
658,7640,543000.0
659,6120,525000.0
660,8625,364000.0
661,4000,394475.0
662,7226,316000.0
663,5402,339950.0
664,39449,486000.0
665,11900,160000.0
666,20553,930000.0
667,17334,139000.0
668,8000,562000.0
669,34395,299000.0
670,4883,511000.0
671,42689,499000.0
672,12384,356000.0
673,14023,470000.0
674,5649,715000.0
675,60373,1120000.0
676,7500,458000.0
677,8019,966000.0
678,10200,305495.0
679,217800,543000.0
680,3716,340000.0
681,33305,633100.0
682,7830,310000.0
683,10117,349950.0
684,6000,267800.0
685,9010,234000.0
686,10157,740000.0
687,6000,607500.0
688,7473,223000.0
689,2130,400000.0
690,13096,802000.0
691,4541,253000.0
692,11137,1058000.0
693,8280,300000.0
694,11180,625000.0
695,7081,707000.0
696,7644,950000.0
697,24123,420000.0
698,7375,498000.0
699,17172,450000.0
700,9887,955000.0
701,7200,215000.0
702,5200,437000.0
703,3600,773000.0
704,9444,1222500.0
705,5025,256883.0
706,12032,592500.0
707,7352,252350.0
708,5880,370000.0
709,10350,465750.0
710,8100,185000.0
711,7636,582800.0
712,6930,245000.0
713,7865,302000.0
714,4520,451555.0
715,10350,250000.0
716,7800,255000.0
717,11562,840000.0
718,8520,190000.0
719,7066,349950.0
720,4815,613000.0
721,13000,300000.0
722,7344,455000.0
723,30476,335000.0
724,3090,197500.0
725,8475,412500.0
726,7000,395300.0
727,9630,342400.0
728,20301,749400.0
729,6807,316500.0
730,10800,390000.0
731,7384,225000.0
732,40887,550000.0
733,20562,280000.0
734,7535,1255000.0
735,6000,575000.0
736,16258,1000000.0
737,3750,585000.0
738,9185,620000.0
739,9987,204700.0
740,9130,695000.0
741,7266,689900.0
742,8000,375000.0
743,29699,475000.0
744,10384,215000.0
745,19865,2100000.0
746,6117,790000.0
747,250470,350000.0
748,17622,695000.0
749,7748,263000.0
750,10304,400000.0
751,7434,525000.0
752,7496,349950.0
753,12080,1085000.0
754,5352,744000.0
755,6345,312500.0
756,6200,240000.0
757,4000,495000.0
758,4638,580050.0
759,7798,640000.0
760,10224,417000.0
761,5200,174950.0
762,2500,295000.0
763,7303,423000.0
764,12305,839000.0
765,10290,343000.0
766,6582,467000.0
767,2875,512500.0
768,17810,575000.0
769,6886,465000.0
770,9514,270000.0
771,8136,340000.0
772,14275,765000.0
773,7200,497000.0
774,5404,803100.0
775,1130,344000.0
776,5680,828950.0
777,3600,386380.0
778,974,312000.0
779,151588,720000.0
780,10856,914500.0
781,10335,819995.0
782,9643,252700.0
783,36847,437500.0
784,5100,350000.0
785,6439,619000.0
786,5761,408200.0
787,4049,451000.0
788,11410,317000.0
789,5000,799000.0
790,7200,720000.0
791,2400,490000.0
792,7000,239900.0
793,7800,446000.0
794,15639,275000.0
795,6032,239950.0
796,6519,248000.0
797,5000,619500.0
798,197326,363750.0
799,10541,385000.0
800,9957,370000.0
801,13218,425000.0
802,6826,342000.0
803,7991,345000.0
804,3933,724800.0
805,5310,725000.0
806,3600,605000.0
807,4000,350000.0
808,5440,785000.0
809,6660,250000.0
810,1221,565000.0
811,6641,875000.0
812,24440,862500.0
813,83199,400000.0
814,6017,282613.0
815,5200,174500.0
816,38377,306500.0
817,7340,445000.0
818,7568,433000.0
819,5874,306000.0
820,4000,620000.0
821,6150,245000.0
822,1204,238000.0
823,3135,523000.0
824,7875,522500.0
825,18513,180000.0
826,1751,375000.0
827,7673,249000.0
828,14300,730100.0
829,9604,551000.0
830,7956,375000.0
831,6700,540000.0
832,2500,605000.0
833,5200,205000.0
834,11380,645000.0
835,8990,314000.0
836,4950,330000.0
837,5000,490000.0
838,24318,445000.0
839,10862,2000000.0
840,1377,377500.0
841,5000,480000.0
842,5402,804995.0
843,1663,341000.0
844,6455,675000.0
845,1984,611000.0
846,1787,379950.0
847,8313,1270000.0
848,1500,500000.0
849,4250,410000.0
850,8342,415000.0
851,8605,297000.0
852,7475,575550.0
853,3500,534640.0
854,14110,352500.0
855,4688,488000.0
856,55756,732000.0
857,2040,215000.0
858,9191,592500.0
859,7280,290000.0
860,3825,475000.0
861,7757,320000.0
862,8684,1216000.0
863,7700,290000.0
864,3250,487250.0
865,8601,339000.0
866,1968,440000.0
867,9300,366500.0
868,4500,462000.0
869,4690,560000.0
870,13629,285000.0
871,9675,280000.0
872,21043,210000.0
873,5100,690000.0
874,9912,256500.0
875,5257,411000.0
876,7275,215000.0
877,5000,762000.0
878,189486,359950.0
879,435600,480000.0
880,10769,1405000.0
881,8290,390000.0
882,4000,413500.0
883,3211,285000.0
884,10043,475000.0
885,1613,386591.0
886,3825,524950.0
887,3128,241000.0
888,7193,461000.0
889,59242,810000.0
890,3560,885000.0
891,7941,247000.0
892,7900,296500.0
893,4743,141800.0
894,7800,333000.0
895,11900,602000.0
896,10698,565000.0
897,3565,373000.0
898,7350,588000.0
899,4100,485000.0
900,1445,482500.0
901,8250,251200.0
902,49222,869000.0
903,28600,464000.0
904,10452,755000.0
905,1916,280000.0
906,1240,485000.0
907,12247,305000.0
908,8064,110700.0
909,5900,850000.0
910,7200,350000.0
911,8045,319950.0
912,4905,700000.0
913,4680,368000.0
914,3360,433500.0
915,4200,611000.0
916,23400,1000000.0
917,7500,307000.0
918,10200,442500.0
919,7706,485000.0
920,2334,367000.0
921,15124,429000.0
922,12687,446000.0
923,9791,572500.0
924,2053,477000.0
925,2096,518000.0
926,10530,462000.0
927,6000,1190000.0
928,7620,137000.0
929,3174,530000.0
930,9374,818000.0
931,958,640000.0
932,9752,298450.0
933,4945,575000.0
934,7331,730000.0
935,5802,551000.0
936,5340,271310.0
937,28300,675000.0
938,889,479000.0
939,10000,520000.0
940,4975,599950.0
941,5120,483945.0
942,33132,390000.0
943,7692,192500.0
944,8308,330000.0
945,7560,250000.0
946,5522,243000.0
947,6060,575000.0
948,12028,639000.0
949,4000,710000.0
950,10260,675000.0
951,4781,405000.0
952,13193,615000.0
953,8190,490000.0
954,1213,467000.0
955,3960,480000.0
956,4505,755000.0
957,13300,760000.0
958,1280,387000.0
959,41984,925000.0
960,60113,415000.0
961,7775,263000.0
962,9350,519900.0
963,4025,570000.0
964,44866,450000.0
965,74052,1300000.0
966,9900,300000.0
967,7225,320000.0
968,4440,387500.0
969,10350,458000.0
970,16643,1212500.0
971,9764,380000.0
972,5000,200000.0
973,9630,385000.0
974,6375,396675.0
975,3760,452000.0
976,8494,426000.0
977,1050,792000.0
978,31626,315000.0
979,7861,1275000.0
980,7200,326000.0
981,8424,268500.0
982,4000,440000.0
983,7735,300000.0
984,4773,525000.0
985,13777,978000.0
986,3192,1125000.0
987,4021,700000.0
988,6969,315000.0
989,7500,309000.0
990,9936,219950.0
991,4700,289000.0
992,28710,210000.0
993,6671,260000.0
994,7945,699000.0
995,16953,1800000.0
996,8000,299950.0
997,10773,749950.0
998,6888,1100000.0
999,158558,555000.0
1000,4000,384000.0
1001,43560,499950.0
1002,4500,430000.0
1003,6953,350000.0
1004,9041,620000.0
1005,12100,765000.0
1006,6300,250000.0
1007,4000,376000.0
1008,7775,475000.0
1009,9628,120750.0
1010,8965,1690000.0
1011,43124,330000.0
1012,4105,619500.0
1013,11200,345000.0
1014,12478,598000.0
1015,10050,335000.0
1016,10523,372500.0
1017,5682,300000.0
1018,1060,194000.0
1019,8118,507500.0
1020,9680,325000.0
1021,4905,329900.0
1022,6765,329000.0
1023,4300,494000.0
1024,6025,206000.0
1025,6909,423000.0
1026,8625,259000.0
1027,13875,879950.0
1028,5120,345600.0
1029,2940,395000.0
1030,8048,625000.0
1031,251341,439000.0
1032,1468,380000.0
1033,1443,440000.0
1034,2377,415000.0
1035,8097,860000.0
1036,1200,500000.0
1037,5086,953007.0
1038,8765,515000.0
1039,1204,772000.0
1040,3680,329995.0
1041,3168,409316.0
1042,2975,490000.0
1043,2656,305000.0
1044,4684,785000.0
1045,7200,240000.0
1046,6750,325000.0
1047,5790,535800.0
1048,1159,720000.0
1049,9416,374000.0
1050,7600,189650.0
1051,40946,420850.0
1052,9614,815000.0
1053,9466,1065000.0
1054,8120,199000.0
1055,7350,195000.0
1056,5800,1506000.0
1057,3230,288400.0
1058,12007,442000.0
1059,14803,619420.0
1060,6180,635000.0
1061,4842,210000.0
1062,7604,512500.0
1063,6093,567000.0
1064,10362,525000.0
1065,2250,475000.0
1066,7258,250000.0
1067,9126,220000.0
1068,6120,230000.0
1069,7947,385500.0
1070,13927,895000.0
1071,7484,368250.0
1072,5500,249900.0
1073,7790,350000.0
1074,13056,175000.0
1075,10905,270000.0
1076,6250,495000.0
1077,7200,1580000.0
1078,1074218,542500.0
1079,9126,330000.0
1080,6120,1003000.0
1081,5240,299800.0
1082,6014,299900.0
1083,8632,691000.0
1084,3899,195000.0
1085,9620,405000.0
1086,7710,360000.0
1087,8991,256750.0
1088,10500,332500.0
1089,36450,975000.0
1090,7874,218000.0
1091,49928,429000.0
1092,5776,589000.0
1093,9039,255000.0
1094,6420,668750.0
1095,5453,344500.0
1096,6150,452000.0
1097,62290,540000.0
1098,23819,246000.0
1099,4841,535000.0
1100,5420,970000.0
1101,3000,430000.0
1102,11446,520000.0
1103,247421,712000.0
1104,4000,450000.0
1105,8005,220000.0
1106,4000,525000.0
1107,3600,1220000.0
1108,1691,540000.0
1109,5226,600000.0
1110,9053,600000.0
1111,48706,625000.0
1112,25000,150000.0
1113,1471,389999.0
1114,6000,285000.0
1115,13059,744000.0
1116,46173,700000.0
1117,9000,318989.0
1118,3600,556000.0
1119,6326,275000.0
1120,11160,430000.0
1121,13700,300000.0
1122,12446,396450.0
1123,111949,225000.0
1124,7875,700000.0
1125,8797,260000.0
1126,13402,655000.0
1127,40946,1185000.0
1128,26027,1550000.0
1129,4421,413800.0
1130,6000,950000.0
1131,4228,334990.0
1132,8401,2700000.0
1133,13095,1030000.0
1134,8519,1130000.0
1135,1168,556000.0
1136,1131,360000.0
1137,34293,480000.0
1138,7208,324000.0
1139,35021,1050000.0
1140,14149,275000.0
1141,5330,180000.0
1142,18199,749000.0
1143,12824,1600000.0
1144,3330,373500.0
1145,8001,770000.0
1146,16470,356000.0
1147,12558,625000.0
1148,1750,494400.0
1149,42200,585000.0
1150,4800,926300.0
1151,5100,600000.0
1152,8936,430000.0
1153,7500,307000.0
1154,14982,604700.0
1155,6000,219900.0
1156,867,270000.0
1157,1578,432000.0
1158,10812,300000.0
1159,4046,361000.0
1160,8532,249950.0
1161,10500,320000.0
1162,8100,305000.0
1163,59612,503000.0
1164,11250,235750.0
1165,8520,657000.0
1166,7300,385000.0
1167,8060,389950.0
1168,10270,150000.0
1169,7264,254500.0
1170,8140,555000.0
1171,9200,1075000.0
1172,8000,245000.0
1173,5824,319950.0
1174,6109,337000.0
1175,5000,492000.0
1176,12130,1170000.0
1177,7876,348580.0
1178,4500,180000.0
1179,6250,400000.0
1180,10640,295000.0
1181,10890,910000.0
1182,219542,1150000.0
1183,1612,431500.0
1184,7292,180000.0
1185,3207,677000.0
1186,7200,1180500.0
1187,13978,635700.0
1188,9600,482000.0
1189,2174,168000.0
1190,6000,805000.0
1191,10945,398000.0
1192,17388,665000.0
1193,8240,592500.0
1194,4000,940000.0
1195,12394,655000.0
1196,8107,622500.0
1197,987,380000.0
1198,7005,648360.0
1199,14925,432000.0
1200,12590,1050000.0
1201,1600,353250.0
1202,18687,1000000.0
1203,844,320000.0
1204,3723,349900.0
1205,6202,330000.0
1206,7221,408000.0
1207,1292,321000.0
1208,5474,1051000.0
1209,10320,2150000.0
1210,885,359000.0
1211,6000,300000.0
1212,4670,380000.0
1213,4332,660000.0
1214,959,355000.0
1215,3569,259000.0
1216,1279,353000.0
1217,1588,430000.0
1218,4005,460000.0
1219,5050,80000.0
1220,9614,782000.0
1221,9633,218000.0
1222,6862,325000.0
1223,5854,980000.0
1224,9200,902000.0
1225,16905,556000.0
1226,3600,662990.0
1227,11867,225000.0
1228,12067,439950.0
1229,44431,175000.0
1230,13500,306000.0
1231,39639,235000.0
1232,12676,399500.0
1233,2580,478000.0
1234,6500,515000.0
1235,5400,550000.0
1236,8645,149000.0
1237,3420,526000.0
1238,59677,527550.0
1239,42769,1050000.0
1240,10092,625000.0
1241,7452,950000.0
1242,8399,377691.0
1243,5700,648475.0
1244,5612,383000.0
1245,7620,535000.0
1246,4080,449950.0
1247,20720,465425.0
1248,36601,675000.0
1249,2500,599000.0
1250,9762,416000.0
1251,4500,595000.0
1252,11507,200000.0
1253,1827,402000.0
1254,9600,433000.0
1255,15531,275000.0
1256,9641,410000.0
1257,12905,554820.0
1258,7920,1325000.0
1259,9157,735000.0
1260,8114,607000.0
1261,213879,549900.0
1262,7540,258000.0
1263,6250,661254.0
1264,13367,945000.0
1265,196817,799950.0
1266,10500,132500.0
1267,8645,467100.0
1268,11600,1610000.0
1269,3975,641000.0
1270,11244,350000.0
1271,8476,335000.0
1272,217697,900000.0
1273,10400,440000.0
1274,5500,464600.0
1275,172497,1200000.0
1276,7788,300000.0
1277,6750,670500.0
1278,5000,552000.0
1279,8960,244000.0
1280,7200,788600.0
1281,8702,445000.0
1282,5000,530000.0
1283,7500,90000.0
1284,4572,585000.0
1285,8282,498000.0
1286,6380,379000.0
1287,2580,462000.0
1288,7155,388000.0
1289,8371,255000.0
1290,9550,665000.0
1291,9152,550000.0
1292,3920,606000.0
1293,6080,334000.0
1294,1323,360000.0
1295,1730,235000.0
1296,1173,580000.0
1297,1186,355000.0
1298,1430,375000.0
1299,9300,372000.0
1300,3000,479000.0
1301,4443,2000000.0
1302,68257,1680000.0
1303,4320,501000.0
1304,6908,245000.0
1305,5782,496700.0
1306,10026,347000.0
1307,7200,199000.0
1308,4399,440500.0
1309,7000,820000.0
1310,3435,325000.0
1311,8459,195000.0
1312,28000,675000.0
1313,4200,295000.0
1314,7410,355300.0
1315,5000,276000.0
1316,19877,460000.0
1317,35169,880000.0
1318,4050,370000.0
1319,3916,346000.0
1320,8800,172500.0
1321,9144,379950.0
1322,6000,468000.0
1323,6270,477000.0
1324,3328,529000.0
1325,1374,312000.0
1326,7683,326100.0
1327,9206,360000.0
1328,12940,438000.0
1329,9467,360000.0
1330,7200,1050000.0
1331,4000,688000.0
1332,7735,585000.0
1333,7741,265000.0
1334,8775,375000.0
1335,12375,326500.0
1336,9350,160000.0
1337,5850,1570000.0
1338,5211,735000.0
1339,6120,400000.0
1340,7200,800000.0
1341,10687,949880.0
1342,8100,405000.0
1343,9292,399000.0
1344,4750,730001.0
1345,13000,1795000.0
1346,8018,260000.0
1347,5400,751750.0
1348,13095,325000.0
1349,6250,344950.0
1350,4030,457500.0
1351,10750,389000.0
1352,6473,515000.0
1353,1987,732000.0
1354,8868,415000.0
1355,4815,1655000.0
1356,5527,535000.0
1357,3565,540000.0
1358,3800,525000.0
1359,36210,570000.0
1360,40902,569950.0
1361,6406,283200.0
1362,4050,1100000.0
1363,50662,830000.0
1364,9144,495000.0
1365,7199,292050.0
1366,10226,415000.0
1367,6400,295832.0
1368,8515,450000.0
1369,9525,1381000.0
1370,29043,857000.0
1371,1501,499950.0
1372,8640,465000.0
1373,5952,329000.0
1374,11502,475000.0
1375,8100,255000.0
1376,4000,435000.0
1377,7700,685000.0
1378,5581,715000.0
1379,2152,780000.0
1380,844,345000.0
1381,4970,355000.0
1382,15711,282000.0
1383,5250,244000.0
1384,5797,967500.0
1385,7294,375000.0
1386,19000,1600000.0
1387,78844,527500.0
1388,6339,994000.0
1389,6205,313000.0
1390,217800,587000.0
1391,7500,304000.0
1392,7680,675000.0
1393,9288,305000.0
1394,6250,280000.0
1395,15200,960000.0
1396,4539,500000.0
1397,7415,274950.0
1398,8252,455600.0
1399,15185,970000.0
1400,4473,312900.0
1401,5600,535000.0
1402,3780,427000.0
1403,6490,405000.0
1404,4945,480000.0
1405,4774,725000.0
1406,235063,293000.0
1407,6600,268000.0
1408,234352,475000.0
1409,2550,488000.0
1410,7399,760000.0
1411,14685,1710000.0
1412,7256,754950.0
1413,2700,263900.0
1414,1431,460000.0
1415,1051,399950.0
1416,835,370000.0
1417,11533,1149000.0
1418,5311,450800.0
1419,3475,627000.0
1420,1548,495000.0
1421,19901,310000.0
1422,34848,550000.0
1423,8865,215000.0
1424,209523,799000.0
1425,43101,630000.0
1426,4400,267000.0
1427,24773,900000.0
1428,12240,365000.0
1429,10414,544500.0
1430,2750,599000.0
1431,3800,815000.0
1432,8187,254000.0
1433,4800,740000.0
1434,24829,225000.0
1435,7000,925000.0
1436,10800,1285000.0
1437,12920,537000.0
1438,3132,335000.0
1439,2800,840000.0
1440,7300,224000.0
1441,3757,395000.0
1442,4600,450000.0
1443,6356,681000.0
1444,28014,898000.0
1445,2296,370000.0
1446,6315,429000.0
1447,7680,150000.0
1448,4270,555000.0
1449,28000,326000.0
1450,6755,225000.0
1451,7958,245100.0
1452,10370,665000.0
1453,4006,535000.0
1454,11776,305000.0
1455,34830,999000.0
1456,8075,215000.0
1457,5100,432500.0
1458,5669,655000.0
1459,9600,266200.0
1460,4030,244615.0
1461,52983,460000.0
1462,18645,370000.0
1463,23326,465000.0
1464,23180,1175000.0
1465,3171,189000.0
1466,5503,820000.0
1467,17580,968000.0
1468,7000,1400000.0
1469,6480,438750.0
1470,6982,1210000.0
1471,38141,600000.0
1472,6000,589000.0
1473,6150,590000.0
1474,12150,479900.0
1475,1157,210000.0
1476,9800,745000.0
1477,5400,840500.0
1478,22320,420000.0
1479,9066,565000.0
1480,8405,840000.0
1481,7277,681716.0
1482,7416,600000.0
1483,8281,380000.0
1484,10125,168500.0
1485,3200,355000.0
1486,6250,277000.0
1487,9485,236000.0
1488,4127,270000.0
1489,5500,700000.0
1490,9545,425000.0
1491,5500,635000.0
1492,4000,510250.0
1493,4560,960000.0
1494,7480,254000.0
1495,9624,299000.0
1496,2699,175000.0
1497,9003,157500.0
1498,6000,580000.0
1499,15600,124740.0
1500,6480,1970000.0
1501,6240,285000.0
1502,9645,242000.0
1503,4000,840000.0
1504,1243,474800.0
1505,4367,490000.0
1506,5752,465000.0
1507,7178,515000.0
1508,7140,430000.0
1509,8640,253400.0
1510,9701,355000.0
1511,46355,740000.0
1512,1302,186950.0
1513,11193,306000.0
1514,8800,510000.0
1515,4000,345000.0
1516,4280,875000.0
1517,5099,700000.0
1518,9160,1400000.0
1519,4473,499950.0
1520,5400,739000.0
1521,7204,363000.0
1522,8095,782000.0
1523,1609,325000.0
1524,4300,485000.0
1525,10002,452000.0
1526,9753,264950.0
1527,14034,472000.0
1528,11914,267500.0
1529,22594,565000.0
1530,1016,535000.0
1531,7000,389000.0
1532,7200,400000.0
1533,14821,264000.0
1534,9904,690000.0
1535,52256,412000.0
1536,4555,695000.0
1537,11600,246500.0
1538,7560,230000.0
1539,423838,302000.0
1540,6660,820000.0
1541,5490,145000.0
1542,5000,436500.0
1543,13586,2453500.0
1544,21587,672000.0
1545,4000,680000.0
1546,2440,750500.0
1547,9488,550000.0
1548,7632,266500.0
1549,3400,619000.0
1550,14404,405000.0
1551,3844,300000.0
1552,6375,231000.0
1553,12160,790000.0
1554,3867,400000.0
1555,13392,950000.0
1556,7725,450000.0
1557,5000,595000.0
1558,8876,332000.0
1559,6250,155000.0
1560,9747,400000.0
1561,7800,349000.0
1562,6420,529000.0
1563,10000,405000.0
1564,4240,635200.0
1565,5085,540000.0
1566,1173,402000.0
1567,15682,3100000.0
1568,5040,329932.0
1569,9827,300000.0
1570,9216,525000.0
1571,21000,2750000.0
1572,6850,602500.0
1573,12056,400000.0
1574,4725,445000.0
1575,5238,525000.0
1576,1824,395000.0
1577,3800,510000.0
1578,8680,723000.0
1579,108900,503000.0
1580,6707,672500.0
1581,9136,860000.0
1582,10005,475300.0
1583,4539,295000.0
1584,6000,1425000.0
1585,26051,250000.0
1586,6166,658000.0
1587,8580,83000.0
1588,7313,685000.0
1589,7617,210000.0
1590,6050,650880.0
1591,22653,350000.0
1592,905,305000.0
1593,1229,645000.0
1594,4800,385000.0
1595,12095,860000.0
1596,5000,395000.0
1597,5850,260000.0
1598,7352,196440.0
1599,3000,425000.0
1600,20734,2400000.0
1601,8509,369000.0
1602,20000,1385000.0
1603,7278,349900.0
1604,2500,650000.0
1605,9525,299950.0
1606,25639,625000.0
1607,11745,190000.0
1608,7200,715000.0
1609,11375,659000.0
1610,5405,490000.0
1611,4664,415000.0
1612,8400,750000.0
1613,3570,700000.0
1614,44000,425000.0
1615,10082,642000.0
1616,8470,655000.0
1617,6000,1365000.0
1618,23265,458000.0
1619,1546,330000.0
1620,3690,384950.0
1621,7350,560000.0
1622,92347,950000.0
1623,20349,465000.0
1624,8058,425000.0
1625,5750,315000.0
1626,9906,530000.0
1627,4800,399000.0
1628,3568,168000.0
1629,17935,1886700.0
1630,9800,374000.0
1631,18897,740000.0
1632,7560,280000.0
1633,7200,322000.0
1634,11000,459900.0
1635,4674,750000.0
1636,13700,1256500.0
1637,28078,3710000.0
1638,4000,427000.0
1639,31491,800000.0
1640,4120,735000.0
1641,8780,642000.0
1642,6000,240000.0
1643,5202,645500.0
1644,37607,840000.0
1645,54450,475000.0
1646,50233,568000.0
1647,10230,325000.0
1648,11964,825500.0
1649,6019,499431.0
1650,5000,919204.0
1651,4738,545000.0
1652,40910,660000.0
1653,13189,538888.0
1654,12028,693000.0
1655,3480,289950.0
1656,6256,587000.0
1657,1146,615000.0
1658,7330,459000.0
1659,12000,243000.0
1660,7232,1505000.0
1661,9900,660000.0
1662,8239,1595000.0
1663,4000,250000.0
1664,6634,315000.0
1665,8880,404000.0
1666,5569,559900.0
1667,1073,285000.0
1668,5525,500000.0
1669,4800,380000.0
1670,4250,469000.0
1671,4234,405000.0
1672,12282,439900.0
1673,7631,525000.0
1674,7064,580000.0
1675,13238,1250000.0
1676,4500,275000.0
1677,5000,629000.0
1678,3000,395000.0
1679,5000,965000.0
1680,6272,820000.0
1681,4600,661000.0
1682,39640,789000.0
1683,5500,668500.0
1684,7836,350000.0
1685,7560,250000.0
1686,7869,725995.0
1687,5832,1000000.0
1688,9990,686000.0
1689,10000,665000.0
1690,8510,1965221.0
1691,3475,653000.0
1692,4802,430000.0
1693,2980,305000.0
1694,4337,809000.0
1695,6800,440150.0
1696,9070,615000.0
1697,5750,1035000.0
1698,6000,455000.0
1699,7200,635000.0
1700,9002,675000.0
1701,8721,316000.0
1702,43560,955000.0
1703,5400,985000.0
1704,7004,465500.0
1705,13475,305000.0
1706,14400,645000.0
1707,6000,730000.0
1708,8301,366000.0
1709,4828,290000.0
1710,15500,472500.0
1711,4064,550000.0
1712,11875,410000.0
1713,11034,440000.0
1714,9626,535000.0
1715,7476,300000.0
1716,6396,432500.0
1717,21780,870000.0
1718,39927,492000.0
1719,7245,199950.0
1720,6900,439800.0
1721,21441,320000.0
1722,186846,687000.0
1723,5650,345000.0
1724,8820,274950.0
1725,8497,270000.0
1726,1366,342000.0
1727,13200,327000.0
1728,3839,610000.0
1729,5720,455000.0
1730,4240,540000.0
1731,9915,411000.0
1732,8203,544000.0
1733,6327,802000.0
1734,7519,568500.0
1735,1290,391000.0
1736,3600,298000.0
1737,936,400000.0
1738,6000,425000.0
1739,8130,328500.0
1740,5040,650000.0
1741,3850,850000.0
1742,4000,930000.0
1743,6041,530000.0
1744,8872,495000.0
1745,4200,500000.0
1746,26337,325000.0
1747,99916,365000.0
1748,9687,471000.0
1749,9120,223000.0
1750,4882,503000.0
1751,5600,230000.0
1752,9600,550000.0
1753,3200,1100000.0
1754,9048,193000.0
1755,57514,590000.0
1756,8797,712500.0
1757,9313,689800.0
1758,5120,430000.0
1759,3500,785200.0
1760,43647,474900.0
1761,12320,1070000.0
1762,132858,435000.0
1763,9680,941500.0
1764,5175,312000.0
1765,4000,835000.0
1766,9000,713250.0
1767,6600,440000.0
1768,5886,580135.0
1769,33825,575000.0
1770,3068,613000.0
1771,8700,235000.0
1772,2798,660000.0
1773,15641,280000.0
1774,10270,268000.0
1775,4840,235000.0
1776,7236,390000.0
1777,45902,654950.0
1778,7488,449500.0
1779,8220,150000.0
1780,57063,440000.0
1781,4923,710000.0
1782,9600,420000.0
1783,5338,312000.0
1784,10758,320000.0
1785,15603,235000.0
1786,137565,437000.0
1787,3000,545000.0
1788,11172,640000.0
1789,4036,432000.0
1790,4099,548000.0
1791,10521,830000.0
1792,12384,875000.0
1793,5125,409950.0
1794,12146,695000.0
1795,12112,562100.0
1796,7210,475000.0
1797,9000,425000.0
1798,9873,600000.0
1799,54059,770000.0
1800,16480,239000.0
1801,10621,295000.0
1802,10182,560000.0
1803,12000,613000.0
1804,9150,960000.0
1805,4623,847000.0
1806,9600,206000.0
1807,5000,253000.0
1808,7203,430000.0
1809,4040,605000.0
1810,1182,425000.0
1811,12648,720000.0
1812,33740,375900.0
1813,10125,1298000.0
1814,7962,210000.0
1815,5375,234000.0
1816,18296,285000.0
1817,4800,400000.0
1818,4958,718000.0
1819,2689,174500.0
1820,9566,222400.0
1821,4002,402500.0
1822,7652,250000.0
1823,14242,600000.0
1824,11214,930000.0
1825,7622,272500.0
1826,3712,363990.0
1827,7644,575000.0
1828,4706,400000.0
1829,5002,427874.0
1830,4045,309000.0
1831,1602,320000.0
1832,7500,390000.0
1833,12120,299000.0
1834,7475,375000.0
1835,10584,240500.0
1836,9380,320000.0
1837,17204,1270000.0
1838,41346,658588.0
1839,4252,270000.0
1840,7140,327500.0
1841,12626,340000.0
1842,15837,200000.0
1843,8000,1025000.0
1844,8755,275000.0
1845,13885,1126000.0
1846,4920,280000.0
1847,59058,485000.0
1848,13367,1901000.0
1849,4725,865000.0
1850,4910,532000.0
1851,8030,364950.0
1852,14400,212500.0
1853,13062,135000.0
1854,6800,437000.0
1855,11108,390000.0
1856,36183,760000.0
1857,11000,119500.0
1858,9088,2400000.0
1859,9320,837500.0
1860,7800,327500.0
1861,2378,175000.0
1862,7757,289950.0
1863,10731,400000.0
1864,7615,219950.0
1865,7200,161700.0
1866,11440,500000.0
1867,4500,465000.0
1868,4160,540000.0
1869,7800,525000.0
1870,7440,324950.0
1871,11455,565000.0
1872,3990,760500.0
1873,8737,1100000.0
1874,9734,603500.0
1875,23345,453500.0
1876,16411,583000.0
1877,8149,275000.0
1878,10669,875000.0
1879,7210,335000.0
1880,8500,646000.0
1881,7303,392500.0
1882,9600,785000.0
1883,12669,470000.0
1884,12708,560000.0
1885,2820,519000.0
1886,9619,746000.0
1887,5400,317000.0
1888,4500,371000.0
1889,8701,250000.0
1890,7029,532000.0
1891,2208,499950.0
1892,6250,375000.0
1893,1553,640000.0
1894,11305,400000.0
1895,7897,572000.0
1896,11150,310000.0
1897,4000,989000.0
1898,45514,685000.0
1899,8642,907500.0
1900,5091,427500.0
1901,32467,860000.0
1902,8100,365000.0
1903,7225,250500.0
1904,5101,411715.0
1905,5962,415000.0
1906,15364,129000.0
1907,9072,489000.0
1908,18540,170000.0
1909,4399,418500.0
1910,29308,261000.0
1911,28176,2005000.0
1912,4000,355000.0
1913,704,742000.0
1914,5244,399950.0
1915,5500,791000.0
1916,10284,190000.0
1917,33224,229500.0
1918,2300,539000.0
1919,88426,549000.0
1920,17240,545000.0
1921,5136,285000.0
1922,6203,648000.0
1923,5260,610000.0
1924,7599,767450.0
1925,5104,765000.0
1926,1487,586500.0
1927,1487,520000.0
1928,1189,455000.0
1929,9750,653000.0
1930,9750,279950.0
1931,4912,449950.0
1932,9966,565000.0
1933,5350,620000.0
1934,4250,269000.0
1935,6000,875000.0
1936,40202,630000.0
1937,15349,425000.0
1938,3870,647500.0
1939,4676,450000.0
1940,7500,440000.0
1941,3784,445000.0
1942,7665,530000.0
1943,5568,875000.0
1944,219978,685000.0
1945,6402,798000.0
1946,5000,297500.0
1947,35235,749950.0
1948,4750,495000.0
1949,8400,540000.0
1950,22651,395000.0
1951,3880,1300000.0
1952,17811,1075000.0
1953,2064,214100.0
1954,10403,210000.0
1955,53143,499500.0
1956,3400,546000.0
1957,7666,292000.0
1958,8424,289000.0
1959,4825,240000.0
1960,7931,395000.0
1961,13084,795000.0
1962,193593,955000.0
1963,10962,725000.0
1964,4781,335000.0
1965,10840,492000.0
1966,10384,250000.0
1967,4800,700000.0
1968,51649,545000.0
1969,10720,555000.0
1970,4206,640000.0
1971,868,390000.0
1972,3840,466500.0
1973,12324,372500.0
1974,15580,1800000.0
1975,6176,255000.0
1976,14250,466800.0
1977,10338,749000.0
1978,29110,610000.0
1979,4095,356000.0
1980,19200,165000.0
1981,7408,229000.0
1982,35654,530000.0
1983,12753,499950.0
1984,3800,619000.0
1985,8381,547000.0
1986,6426,359800.0
1987,1432,499000.0
1988,7560,189000.0
1989,8547,799000.0
1990,7642,257000.0
1991,9450,270000.0
1992,6032,453500.0
1993,10650,237000.0
1994,9886,456000.0
1995,5540,355500.0
1996,31299,299950.0
1997,5360,335000.0
1998,4237,268500.0
1999,11500,385000.0
2000,5773,376000.0
2001,4000,605004.0
2002,3900,886000.0
2003,3713,560000.0
2004,4500,343000.0
2005,43950,1415000.0
2006,13500,270000.0
2007,3960,411605.0
2008,5150,550000.0
2009,1245,465000.0
2010,1485,584000.0
2011,1080,275000.0
2012,3990,324500.0
2013,4185,700000.0
2014,7740,385200.0
2015,8600,270000.0
2016,6180,735000.0
2017,4080,389250.0
2018,12500,315000.0
2019,6034,545000.0
2020,5000,550000.0
2021,12596,415000.0
2022,14333,387500.0
2023,6250,432000.0
2024,9994,402000.0
2025,11240,1035000.0
2026,9600,294700.0
2027,12187,744000.0
2028,13458,715000.0
2029,4011,500000.0
2030,6002,1300000.0
2031,16600,1150000.0
2032,9354,650000.0
2033,50994,435000.0
2034,7040,510000.0
2035,8000,525000.0
2036,5750,920000.0
2037,9610,200000.0
2038,4080,435000.0
2039,9900,809950.0
2040,16940,1370000.0
2041,94525,455000.0
2042,2805,471000.0
2043,4800,253500.0
2044,8100,185000.0
2045,40250,535500.0
2046,6815,835000.0
2047,6326,589500.0
2048,23900,680000.0
2049,7020,360000.0
2050,2175,595000.0
2051,15508,300000.0
2052,3300,660000.0
2053,6975,570000.0
2054,5000,285000.0
2055,5000,435000.0
2056,103237,160000.0
2057,19831,805000.0
2058,1961,450000.0
2059,14250,510000.0
2060,18500,1120000.0
2061,3600,1280000.0
2062,9568,539000.0
2063,14653,407193.0
2064,9900,320000.0
2065,3800,739000.0
2066,5400,452000.0
2067,5593,600000.0
2068,5557,279000.0
2069,5562,895000.0
2070,4747,585000.0
2071,1073,405000.0
2072,7679,837219.0
2073,8436,969990.0
2074,2940,490000.0
2075,53173,611000.0
2076,6432,462000.0
2077,4169,540000.0
2078,4381,260000.0
2079,62290,510000.0
2080,7398,567500.0
2081,3225,445000.0
2082,9360,684680.0
2083,7850,2700000.0
2084,3550,455000.0
2085,4369,540000.0
2086,7200,530000.0
2087,5060,410000.0
2088,13500,450000.0
2089,7399,609900.0
2090,13435,648000.0
2091,4165,550000.0
2092,8050,347000.0
2093,26784,1635000.0
2094,19387,1339000.0
2095,7963,288350.0
2096,10474,1150000.0
2097,36445,525000.0
2098,8000,250250.0
2099,7665,341000.0
2100,7778,700000.0
2101,7875,390000.0
2102,7149,539950.0
2103,951,552000.0
2104,5753,250000.0
2105,8800,502000.0
2106,6500,480000.0
2107,7528,378500.0
2108,15907,1350000.0
2109,112521,1900000.0
2110,47480,605000.0
2111,5909,307550.0
2112,5995,304700.0
2113,3520,568000.0
2114,7500,385000.0
2115,1420,345000.0
2116,7200,435000.0
2117,6275,579000.0
2118,6301,236000.0
2119,35988,305100.0
2120,10800,368000.0
2121,9000,255000.0
2122,5100,400000.0
2123,8153,440000.0
2124,6600,417000.0
2125,5000,435000.0
2126,11443,475000.0
2127,12831,563500.0
2128,35127,285000.0
2129,9928,471000.0
2130,9886,500000.0
2131,8925,640000.0
2132,14024,442500.0
2133,8686,213400.0
2134,3905,831000.0
2135,11805,325000.0
2136,4635,425000.0
2137,5100,550000.0
2138,15029,599950.0
2139,16007,1225000.0
2140,5000,750000.0
2141,4500,290000.0
2142,7252,270000.0
2143,21000,229950.0
2144,8912,234999.0
2145,31505,265000.0
2146,14937,367300.0
2147,3402,550000.0
2148,33206,743700.0
2149,1241,352750.0
2150,1136,403950.0
2151,4800,980000.0
2152,131790,585000.0
2153,10780,554000.0
2154,3464,546000.0
2155,158558,280000.0
2156,21712,212500.0
2157,246114,739000.0
2158,2550,428000.0
2159,34560,965000.0
2160,8304,364900.0
2161,5386,559000.0
2162,9000,213000.0
2163,7237,620000.0
2164,16320,240000.0
2165,10100,852500.0
2166,77972,600000.0
2167,4400,410000.0
2168,45302,328000.0
2169,16200,625000.0
2170,63162,649950.0
2171,13000,235000.0
2172,1249,489000.0
2173,6224,536000.0
2174,3692,400000.0
2175,1715,398000.0
2176,7560,379000.0
2177,1210,345000.0
2178,2700,365000.0
2179,1590,315000.0
2180,7807,571000.0
2181,28040,1025000.0
2182,4694,695000.0
2183,26055,225000.0
2184,25341,740000.0
2185,9643,315000.0
2186,7000,1230000.0
2187,3880,420000.0
2188,7650,310000.0
2189,3880,700000.0
2190,4200,269000.0
2191,7133,369990.0
2192,4500,800000.0
2193,10583,569000.0
2194,8400,175000.0
2195,1286,440000.0
2196,15247,435000.0
2197,6909,345000.0
2198,3870,558000.0
2199,224334,475000.0
2200,10275,490000.0
2201,9133,335000.0
2202,43710,350000.0
2203,2685,100000.0
2204,10800,417500.0
2205,7281,253000.0
2206,7500,1240000.0
2207,8302,490000.0
2208,14800,470000.0
2209,11100,483300.0
2210,6320,659000.0
2211,4322,480000.0
2212,6600,165000.0
2213,5500,659500.0
2214,7742,219900.0
2215,3622,315000.0
2216,7560,250000.0
2217,5000,268000.0
2218,11123,380000.0
2219,3000,499000.0
2220,18200,285000.0
2221,9200,183000.0
2222,4622,1070000.0
2223,1246,429000.0
2224,3598,403000.0
2225,7200,375500.0
2226,17232,1795000.0
2227,5150,516200.0
2228,8750,385000.0
2229,5001,515000.0
2230,9427,375000.0
2231,9731,650000.0
2232,7719,306888.0
2233,12248,870000.0
2234,11075,310000.0
2235,7200,251750.0
2236,8625,366000.0
2237,9480,429950.0
2238,3427,710000.0
2239,20875,895000.0
2240,9450,149500.0
2241,6771,310000.0
2242,4976,555000.0
2243,7500,750000.0
2244,7024,745000.0
2245,45254,695000.0
2246,7189,433000.0
2247,8184,307000.0
2248,11856,655275.0
2249,6555,392000.0
2250,6000,1180000.0
2251,9100,359950.0
2252,10375,360000.0
2253,5000,566000.0
2254,9825,700000.0
2255,6045,415000.0
2256,9812,199500.0
2257,5000,749000.0
2258,8400,680000.0
2259,7563,400000.0
2260,9714,608000.0
2261,35889,589900.0
2262,9500,480000.0
2263,3825,1059500.0
2264,14980,915000.0
2265,9364,695000.0
2266,3909,899900.0
2267,1208,499950.0
2268,8853,533112.0
2269,5000,303210.0
2270,8364,525000.0
2271,1157,399950.0
2272,13241,850830.0
2273,8336,371500.0
2274,8400,522000.0
2275,5000,588000.0
2276,10096,276900.0
2277,9078,248000.0
2278,6607,280000.0
2279,4500,495000.0
2280,4400,665000.0
2281,3874,290300.0
2282,4080,527000.0
2283,1093,487028.0
2284,27427,325000.0
2285,6300,799000.0
2286,37325,7062500.0
2287,10368,354000.0
2288,8906,262500.0
2289,3984,560200.0
2290,6300,220000.0
2291,5750,650000.0
2292,2581,435000.0
2293,4000,800000.0
2294,29224,1010000.0
2295,4700,200000.0
2296,5107,295000.0
2297,27820,580379.0
2298,32109,875000.0
2299,19585,515000.0
2300,230868,599000.0
2301,4060,285000.0
2302,15090,290000.0
2303,20339,355000.0
2304,11407,381000.0
2305,7465,571000.0
2306,11901,852600.0
2307,6000,1085000.0
2308,7200,371000.0
2309,5899,514000.0
2310,1318,386000.0
2311,7203,464000.0
2312,13500,335000.0
2313,17833,740000.0
2314,5350,465000.0
2315,7378,700000.0
2316,21870,785000.0
2317,1592,350000.0
2318,8261,148000.0
2319,3680,530000.0
2320,1002,349000.0
2321,9760,240000.0
2322,7557,330000.0
2323,5100,735000.0
2324,15693,545000.0
2325,4875,214950.0
2326,24190,657500.0
2327,5500,476000.0
2328,64033,2888000.0
2329,15000,110000.0
2330,7693,292000.0
2331,8813,317000.0
2332,10688,455000.0
2333,17258,1365000.0
2334,4437,460000.0
2335,7201,405000.0
2336,6686,333000.0
2337,4736,427000.0
2338,10986,742000.0
2339,9702,465000.0
2340,6181,809950.0
2341,3610,619400.0
2342,14607,762400.0
2343,49222,535000.0
2344,4125,881000.0
2345,6675,813000.0
2346,5280,234000.0
2347,7294,308900.0
2348,19250,450000.0
2349,2262,547500.0
2350,1131,399950.0
2351,8698,516000.0
2352,846,250000.0
2353,2520,475000.0
2354,4500,415000.0
2355,2150,545000.0
2356,7566,329950.0
2357,20158,1325000.0
2358,111078,784000.0
2359,7297,610750.0
2360,9225,578000.0
2361,10800,1485000.0
2362,7972,501000.0
2363,7642,465250.0
2364,9453,2250000.0
2365,4764,1095000.0
2366,5665,315000.0
2367,44431,900000.0
2368,6100,789500.0
2369,6600,678500.0
2370,11375,342500.0
2371,7012,860000.0
2372,8124,306000.0
2373,6000,580000.0
2374,15678,405000.0
2375,19200,510000.0
2376,10450,173000.0
2377,7680,210000.0
2378,5664,445000.0
2379,1501,585000.0
2380,6000,381000.0
2381,8640,890000.0
2382,9697,235000.0
2383,1103,480000.0
2384,4032,575000.0
2385,4600,350000.0
2386,7560,259000.0
2387,4608,599000.0
2388,7840,210000.0
2389,7500,1184000.0
2390,5000,545000.0
2391,7500,299995.0
2392,5750,440000.0
2393,27441,699000.0
2394,17859,795000.0
2395,6846,445000.0
2396,11862,397990.0
2397,6400,706000.0
2398,1779,363000.0
2399,11843,850000.0
2400,3000,620000.0
2401,44947,1228000.0
2402,9244,333000.0
2403,11250,743000.0
2404,3780,448000.0
2405,35073,485000.0
2406,31941,489950.0
2407,7420,498500.0
2408,9736,531000.0
2409,6420,670000.0
2410,5000,310000.0
2411,12523,835000.0
2412,7500,1688000.0
2413,7245,495000.0
2414,9300,495000.0
2415,6556,440000.0
2416,6720,280000.0
2417,35445,1070000.0
2418,10858,1034500.0
2419,5855,248000.0
2420,8465,294000.0
2421,4140,561000.0
2422,4750,656500.0
2423,2970,660000.0
2424,17172,370000.0
2425,9525,349950.0
2426,9869,223000.0
2427,3880,560000.0
2428,5200,594000.0
2429,5400,600000.0
2430,7000,315000.0
2431,6000,430000.0
2432,7392,440000.0
2433,1200,312500.0
2434,14380,1240000.0
2435,1235,300000.0
2436,3600,680000.0
2437,1011,336750.0
2438,4960,822500.0
2439,9600,589000.0
2440,22370,863000.0
2441,5680,210000.0
2442,11070,206135.0
2443,4360,1125000.0
2444,8601,285000.0
2445,7550,230000.0
2446,115434,845000.0
2447,9545,350000.0
2448,8184,304000.0
2449,4600,370000.0
2450,13503,810000.0
2451,7575,440000.0
2452,4800,1030000.0
2453,10875,775000.0
2454,5800,1335000.0
2455,8540,235000.0
2456,3000,499950.0
2457,23760,622500.0
2458,10814,300000.0
2459,6566,205000.0
2460,8173,435000.0
2461,48351,697000.0
2462,6405,153000.0
2463,39000,454000.0
2464,26615,345000.0
2465,2807,585000.0
2466,6365,380000.0
2467,8660,250600.0
2468,13500,890000.0
2469,5338,370000.0
2470,9957,369500.0
2471,54450,883000.0
2472,35081,950000.0
2473,20820,615000.0
2474,5240,305000.0
2475,7972,590000.0
2476,6065,485000.0
2477,7200,215000.0
2478,5040,430000.0
2479,7965,324900.0
2480,641203,849900.0
2481,10014,975000.0
2482,4000,910000.0
2483,6869,459950.0
2484,8337,325000.0
2485,7070,513000.0
2486,12177,475000.0
2487,7947,419000.0
2488,10285,760000.0
2489,6660,1120000.0
2490,30184,129000.0
2491,12000,725000.0
2492,4627,580000.0
2493,4833,385000.0
2494,10588,265000.0
2495,32093,1735000.0
2496,1155,330000.0
2497,43091,665000.0
2498,4442,799000.0
2499,8800,589000.0
2500,3000,1695000.0
2501,7200,538000.0
2502,3399,530100.0
2503,6600,718500.0
2504,13927,299000.0
2505,7437,556000.0
2506,19672,171000.0
2507,9775,540000.0
2508,3814,250000.0
2509,3250,795000.0
2510,1287,575000.0
2511,1287,379500.0
2512,5276,385000.0
2513,4779,415500.0
2514,6710,397500.0
2515,7214,530000.0
2516,41656,883000.0
2517,11880,850000.0
2518,5000,496752.0
2519,8865,330000.0
2520,4187,735000.0
2521,4924,525000.0
2522,4838,269950.0
2523,9484,650000.0
2524,8100,520500.0
2525,9122,652500.0
2526,8000,506000.0
2527,12150,416000.0
2528,15347,500000.0
2529,4708,460000.0
2530,8925,371025.0
2531,28405,576000.0
2532,9602,353500.0
2533,5000,1735000.0
2534,8100,183000.0
2535,5560,763101.0
2536,4000,460000.0
2537,6938,825000.0
2538,9150,265000.0
2539,8235,295000.0
2540,6250,418000.0
2541,108900,554000.0
2542,3150,534500.0
2543,4000,690000.0
2544,6360,530000.0
2545,1040,357186.0
2546,6355,300000.0
2547,8750,304000.0
2548,4080,385000.0
2549,2970,415000.0
2550,6603,963000.0
2551,175421,792500.0
2552,9600,309212.0
2553,1805,235000.0
2554,8100,667000.0
2555,8000,470000.0
2556,3000,375000.0
2557,9581,410000.0
2558,7737,566000.0
2559,4950,680000.0
2560,2640,332000.0
2561,8507,902000.0
2562,10800,500000.0
2563,32340,445000.0
2564,9800,825000.0
2565,8400,1095000.0
2566,8536,277000.0
2567,9775,545000.0
2568,9521,435000.0
2569,3600,638000.0
2570,10580,418000.0
2571,12325,499000.0
2572,8056,150000.0
2573,23790,759950.0
2574,65340,427000.0
2575,7096,632500.0
2576,2774,660000.0
2577,14565,862000.0
2578,2000,524000.0
2579,6723,470000.0
2580,9912,385000.0
2581,9603,575000.0
2582,9826,220000.0
2583,2100,460000.0
2584,5432,1712500.0
2585,7300,175000.0
2586,7500,465000.0
2587,2300,552000.0
2588,139392,565000.0
2589,7500,518000.0
2590,5414,899950.0
2591,5720,373000.0
2592,5054,385000.0
2593,4880,245000.0
2594,6000,375000.0
2595,6164,699850.0
2596,11780,450000.0
2597,12196,455000.0
2598,4160,650000.0
2599,8015,378000.0
2600,7998,220000.0
2601,7950,285500.0
2602,1174,340000.0
2603,9496,921000.0
2604,109336,375000.0
2605,19168,999000.0
2606,6000,335000.0
2607,34412,1920000.0
2608,26329,385000.0
2609,7089,850000.0
2610,4500,429000.0
2611,1282,523950.0
2612,3738,798800.0
2613,6008,284000.0
2614,6184,852880.0
2615,1400,320000.0
2616,9870,749995.0
2617,1186,468500.0
2618,9962,492500.0
2619,4637,685000.0
2620,5600,542525.0
2621,2674,435000.0
2622,7524,242000.0
2623,7091,325000.0
2624,12611,837700.0
2625,7129,210000.0
2626,7000,187500.0
2627,9100,560000.0
2628,7476,272000.0
2629,7280,235000.0
2630,5909,259000.0
2631,4797,866059.0
2632,5100,473000.0
2633,7400,405000.0
2634,4887,870000.0
2635,5750,475000.0
2636,21907,499500.0
2637,3196,386000.0
2638,3000,458000.0
2639,78225,550000.0
2640,6536,605500.0
2641,21780,421000.0
2642,5948,536000.0
2643,8719,247200.0
2644,1360,250000.0
2645,9344,204950.0
2646,9000,430000.0
2647,8100,250000.0
2648,12888,260000.0
2649,2800,547000.0
2650,7350,379900.0
2651,6009,738500.0
2652,11585,545000.0
2653,6180,342000.0
2654,13068,4668000.0
2655,13787,170000.0
2656,12929,616000.0
2657,4800,640000.0
2658,9406,332000.0
2659,1923,1010000.0
2660,37647,380000.0
2661,9600,415000.0
2662,3060,1008000.0
2663,35362,669000.0
2664,20700,260000.0
2665,38865,854000.0
2666,10760,605000.0
2667,5060,320000.0
2668,7466,229950.0
2669,7532,255000.0
2670,6251,1170000.0
2671,932,479000.0
2672,9748,1200000.0
2673,1262,472000.0
2674,7347,198000.0
2675,8400,440000.0
2676,7700,506000.0
2677,7079,382500.0
2678,7276,269500.0
2679,3477,560000.0
2680,18334,840000.0
2681,4637,479500.0
2682,7375,402000.0
2683,953,549000.0
2684,3811,449950.0
2685,18295,493000.0
2686,13300,142500.0
2687,6134,250000.0
2688,3840,729000.0
2689,1425,465000.0
2690,19271,465000.0
2691,7207,280000.0
2692,6360,675000.0
2693,3800,667500.0
2694,7720,809000.0
2695,11266,400000.0
2696,6000,310000.0
2697,3800,435000.0
2698,6896,465950.0
2699,7599,1538000.0
2700,6600,253000.0
2701,7232,330000.0
2702,7104,554000.0
2703,3600,350000.0
2704,9760,294999.0
2705,5568,1185001.0
2706,10382,752000.0
2707,3315,451000.0
2708,7505,725000.0
2709,7412,345000.0
2710,7000,206000.0
2711,22798,2027000.0
2712,4947,2475000.0
2713,20570,1728000.0
2714,10875,580000.0
2715,7200,430000.0
2716,11520,720000.0
2717,4000,824000.0
2718,12420,936000.0
2719,7201,535000.0
2720,3600,286800.0
2721,1347,350000.0
2722,2229,345000.0
2723,1238,435000.0
2724,6240,1555000.0
2725,16526,1325000.0
2726,6278,461000.0
2727,10204,770000.0
2728,12103,1384000.0
2729,26977,330000.0
2730,6753,322500.0
2731,230652,1600000.0
2732,8432,475000.0
2733,11234,250275.0
2734,9000,274500.0
2735,10723,284950.0
2736,9011,264950.0
2737,8092,242000.0
2738,10576,913000.0
2739,6000,555000.0
2740,10800,711000.0
2741,17300,403500.0
2742,43386,975000.0
2743,9600,253779.0
2744,1388,384400.0
2745,4461,646000.0
2746,4800,415000.0
2747,7938,764000.0
2748,16249,507000.0
2749,9361,545500.0
2750,4080,450000.0
2751,8118,264000.0
2752,4500,650000.0
2753,6715,365000.0
2754,4200,343566.0
2755,6871,375000.0
2756,8682,295000.0
2757,7000,325000.0
2758,7100,265000.0
2759,15101,562000.0
2760,34222,540000.0
2761,27517,4489000.0
2762,7171,279950.0
2763,8200,540000.0
2764,12672,310000.0
2765,4800,190000.0
2766,4780,440000.0
2767,5500,1400000.0
2768,9435,230000.0
2769,14292,455000.0
2770,5000,175000.0
2771,9370,650000.0
2772,12445,3000000.0
2773,8580,192500.0
2774,6900,239950.0
2775,5080,175000.0
2776,28324,850000.0
2777,10500,410000.0
2778,6738,570000.0
2779,7543,469000.0
2780,6400,559000.0
2781,43177,739888.0
2782,58806,568450.0
2783,10920,240000.0
2784,10000,574950.0
2785,6350,180000.0
2786,9700,1160000.0
2787,3575,300000.0
2788,9430,630000.0
2789,9375,507000.0
2790,9000,287500.0
2791,16200,688000.0
2792,7700,424000.0
2793,6150,400000.0
2794,7683,620000.0
2795,7700,300000.0
2796,12070,615000.0
2797,8867,206000.0
2798,7700,515500.0
2799,11411,554000.0
2800,9792,825000.0
2801,4080,855000.0
2802,6368,315000.0
2803,9360,299000.0
2804,8114,650000.0
2805,4800,465000.0
2806,4080,535000.0
2807,4500,564000.0
2808,1419,515000.0
2809,5000,580000.0
2810,1294,309000.0
2811,6360,536751.0
2812,5501,415000.0
2813,2800,267000.0
2814,8523,820000.0
2815,10046,1399950.0
2816,923,485000.0
2817,1120,482000.0
2818,4595,535000.0
2819,1428,690000.0
2820,9000,576000.0
2821,3000,378750.0
2822,8750,269900.0
2823,7210,210000.0
2824,8625,429900.0
2825,5131,1525000.0
2826,4650,360000.0
2827,4377,405000.0
2828,11200,450000.0
2829,5980,703000.0
2830,8058,661000.0
2831,9593,580000.0
2832,3625,464000.0
2833,7089,945000.0
2834,18362,659500.0
2835,8340,200000.0
2836,42399,280000.0
2837,3600,1325000.0
2838,7200,346150.0
2839,5412,197500.0
2840,7910,799000.0
2841,13912,1309500.0
2842,9205,350000.0
2843,34290,720000.0
2844,10744,519000.0
2845,7200,590300.0
2846,10450,2200000.0
2847,9324,410000.0
2848,4225,437000.0
2849,7350,221000.0
2850,20181,380000.0
2851,8210,506000.0
2852,10350,395000.0
2853,4731,285000.0
2854,3000,311000.0
2855,219527,520000.0
2856,8065,435000.0
2857,39964,120000.0
2858,3819,1440000.0
2859,4320,186000.0
2860,5600,756000.0
2861,13510,248000.0
2862,11374,287000.0
2863,8031,510000.0
2864,8498,249000.0
2865,6112,340000.0
2866,8255,399888.0
2867,8740,440000.0
2868,6000,899000.0
2869,7415,540500.0
2870,11200,385000.0
2871,10358,558000.0
2872,237402,600000.0
2873,7693,450000.0
2874,8450,232500.0
2875,6600,436000.0
2876,14690,240000.0
2877,7326,489950.0
2878,3000,680000.0
2879,9938,1068000.0
2880,6000,352450.0
2881,103672,335000.0
2882,3060,549000.0
2883,13224,1240000.0
2884,3360,618250.0
2885,13000,1815000.0
2886,5136,850000.0
2887,9385,930000.0
2888,4611,505000.0
2889,209088,925000.0
2890,15681,275000.0
2891,5000,499000.0
2892,7201,507000.0
2893,9247,619850.0
2894,48716,500000.0
2895,9600,310000.0
2896,4079,646000.0
2897,7300,265000.0
2898,1110,475000.0
2899,8400,600000.0
2900,38884,470000.0
2901,8341,319950.0
2902,6699,712000.0
2903,15992,775000.0
2904,10240,390000.0
2905,11044,585000.0
2906,10500,1027000.0
2907,11461,232603.0
2908,949,543000.0
2909,1612,607500.0
2910,10078,750000.0
2911,6775,728050.0
2912,6884,734990.0
2913,7209,330000.0
2914,7553,605000.0
2915,7280,441000.0
2916,6587,650000.0
2917,15235,1950000.0
2918,4000,395000.0
2919,15000,245000.0
2920,14486,905000.0
2921,9273,660000.0
2922,12236,378000.0
2923,3600,600000.0
2924,10306,632500.0
2925,5756,210000.0
2926,7781,754800.0
2927,5130,175000.0
2928,4653,455000.0
2929,3480,450000.0
2930,10920,790000.0
2931,5500,480000.0
2932,8170,850000.0
2933,27591,725000.0
2934,4288,380000.0
2935,14133,979000.0
2936,11612,359950.0
2937,5453,665900.0
2938,8338,812000.0
2939,7156,203000.0
2940,28516,456000.0
2941,4080,547000.0
2942,8089,280000.0
2943,4400,640000.0
2944,8085,477000.0
2945,21000,455000.0
2946,1710,587206.0
2947,5612,425000.0
2948,6000,511500.0
2949,2841,218000.0
2950,7884,332000.0
2951,60960,291000.0
2952,7700,279000.0
2953,11548,950000.0
2954,10125,970500.0
2955,3960,412000.0
2956,10005,400000.0
2957,7420,200000.0
2958,11717,397000.0
2959,6628,715000.0
2960,4770,371000.0
2961,5013,458000.0
2962,12429,436500.0
2963,8085,329950.0
2964,18892,950000.0
2965,6302,282000.0
2966,16306,250000.0
2967,244716,1135000.0
2968,189486,400000.0
2969,11700,681500.0
2970,6600,200000.0
2971,7800,1300000.0
2972,4800,1462497.0
2973,13551,995000.0
2974,8265,355000.0
2975,10209,425000.0
2976,30884,869000.0
2977,4000,915000.0
2978,17833,2110000.0
2979,10437,925000.0
2980,10800,2400000.0
2981,3750,390000.0
2982,11227,330000.0
2983,7626,482500.0
2984,1879,525000.0
2985,8160,237000.0
2986,7314,205000.0
2987,7777,623000.0
2988,4900,565000.0
2989,7927,400000.0
2990,10000,405000.0
2991,8504,337000.0
2992,27042,355000.0
2993,9552,885000.0
2994,10319,420000.0
2995,6853,448000.0
2996,7035,800000.0
2997,10192,830000.0
2998,4080,725000.0
2999,3000,780000.0
3000,4239,325000.0
3001,9665,488800.0
3002,36200,1320000.0
3003,11479,489000.0
3004,13782,1240000.0
3005,22649,595000.0
3006,7420,359900.0
3007,43560,1080000.0
3008,8014,925000.0
3009,4800,625000.0
3010,4600,339990.0
3011,4400,775950.0
3012,3149,420000.0
3013,1565,654000.0
3014,8837,725000.0
3015,1820,375000.0
3016,20000,1100000.0
3017,8994,639500.0
3018,6300,849000.0
3019,9176,418000.0
3020,2788,442900.0
3021,5544,750000.0
3022,6830,930000.0
3023,6000,565000.0
3024,14406,874150.0
3025,6023,545000.0
3026,8400,500000.0
3027,10083,687000.0
3028,10613,810000.0
3029,40003,439500.0
3030,5000,802000.0
3031,7300,732600.0
3032,6260,374000.0
3033,13550,330000.0
3034,25600,365000.0
3035,17600,290900.0
3036,5750,577000.0
3037,3000,280000.0
3038,11120,675000.0
3039,11824,800000.0
3040,7200,299995.0
3041,7207,440000.0
3042,8645,249500.0
3043,4560,690000.0
3044,11100,235000.0
3045,7417,320000.0
3046,9569,350000.0
3047,9360,334000.0
3048,7956,235000.0
3049,7253,442000.0
3050,7482,264000.0
3051,6552,275000.0
3052,4625,430000.0
3053,3255,550000.0
3054,6158,775000.0
3055,8400,603500.0
3056,389126,230000.0
3057,5040,449000.0
3058,20377,2075000.0
3059,5029,420000.0
3060,5102,735000.0
3061,9600,200000.0
3062,750,286000.0
3063,1269,579000.0
3064,8625,345100.0
3065,10150,350000.0
3066,9238,291500.0
3067,1375,649950.0
3068,1599,458500.0
3069,5100,500000.0
3070,15264,362300.0
3071,7208,324000.0
3072,12196,495000.0
3073,2958,233500.0
3074,11319,479000.0
3075,19000,322200.0
3076,29163,835000.0
3077,8400,347000.0
3078,8613,725000.0
3079,4200,345000.0
3080,4118,345950.0
3081,8086,550000.0
3082,5223,399950.0
3083,7412,269500.0
3084,7345,494000.0
3085,7420,453000.0
3086,10280,442500.0
3087,8891,235000.0
3088,12821,389800.0
3089,8100,346000.0
3090,6417,360000.0
3091,7351,650000.0
3092,8145,290000.0
3093,11100,234000.0
3094,37045,260000.0
3095,38781,349900.0
3096,6000,275000.0
3097,30410,725000.0
3098,7471,375000.0
3099,206474,806000.0
3100,8221,470000.0
3101,2500,490000.0
3102,4180,615000.0
3103,19204,249000.0
3104,7149,396500.0
3105,2599,405000.0
3106,12476,560000.0
3107,6107,459950.0
3108,9450,265000.0
3109,8122,502000.0
3110,12731,430000.0
3111,3500,525000.0
3112,8518,415000.0
3113,10153,600000.0
3114,8820,225000.0
3115,4469,300000.0
3116,1860,491234.0
3117,74487,1580000.0
3118,7661,905000.0
3119,8750,199950.0
3120,4333,450000.0
3121,6978,899000.0
3122,280962,649000.0
3123,59863,780000.0
3124,20283,400000.0
3125,35124,831500.0
3126,6000,471001.0
3127,1677,385000.0
3128,9834,326000.0
3129,5100,335000.0
3130,43560,320000.0
3131,5550,300000.0
3132,8400,269950.0
3133,3944,1220000.0
3134,7875,590000.0
3135,5000,750000.0
3136,9600,239950.0
3137,8505,215000.0
3138,13100,165000.0
3139,18200,261350.0
3140,3884,569000.0
3141,39189,425000.0
3142,4895,800000.0
3143,30500,715000.0
3144,12750,337000.0
3145,7989,560000.0
3146,7280,449500.0
3147,2850,660000.0
3148,1676,685000.0
3149,10155,905000.0
3150,8004,403500.0
3151,1245,405000.0
3152,37011,385000.0
3153,18731,1700000.0
3154,6263,285000.0
3155,6738,249900.0
3156,6000,633634.0
3157,4995,329900.0
3158,4775,310000.0
3159,1192,345000.0
3160,2356,160797.0
3161,907,562500.0
3162,7081,664950.0
3163,5027,515000.0
3164,3817,497000.0
3165,8214,312891.0
3166,5300,670000.0
3167,1768,362500.0
3168,1350,402101.0
3169,6380,438000.0
3170,5000,687500.0
3171,9600,160000.0
3172,8000,415000.0
3173,12750,405000.0
3174,3841,880000.0
3175,100545,585000.0
3176,9594,640000.0
3177,6150,819000.0
3178,35722,520000.0
3179,11783,367500.0
3180,8760,762500.0
3181,7007,300000.0
3182,64073,625000.0
3183,3680,530000.0
3184,30886,379000.0
3185,5000,615000.0
3186,6000,660000.0
3187,15559,380000.0
3188,27072,314900.0
3189,8710,324950.0
3190,13102,225000.0
3191,4132,535000.0
3192,10726,348500.0
3193,18295,725000.0
3194,35261,925000.0
3195,13392,549000.0
3196,11413,400000.0
3197,55387,620000.0
3198,8346,665000.0
3199,53574,1215000.0
3200,5925,1157400.0
3201,5289,349950.0
3202,13180,2466350.0
3203,5080,339000.0
3204,4080,615000.0
3205,9571,751000.0
3206,3825,941000.0
3207,7700,600000.0
3208,4502,455000.0
3209,28008,1295648.0
3210,5412,485000.0
3211,100188,358000.0
3212,4128,339000.0
3213,7435,258000.0
3214,1259,455000.0
3215,8505,437000.0
3216,9840,689000.0
3217,7992,319000.0
3218,1309,510000.0
3219,9900,440000.0
3220,9052,1010000.0
3221,22588,875000.0
3222,8454,304000.0
3223,5280,139000.0
3224,10466,464500.0
3225,7284,336500.0
3226,6000,230000.0
3227,4500,425000.0
3228,5120,300000.0
3229,2003,457500.0
3230,11440,366000.0
3231,14350,502000.0
3232,7577,194000.0
3233,9371,305000.0
3234,15600,1250000.0
3235,20793,575000.0
3236,6204,343500.0
3237,6906,325000.0
3238,14930,600000.0
3239,37122,850000.0
3240,3821,420000.0
3241,9265,257500.0
3242,11375,317000.0
3243,9950,970000.0
3244,7881,252000.0
3245,5756,683500.0
3246,9607,289000.0
3247,747,355000.0
3248,5611,675000.0
3249,18980,396500.0
3250,8450,362500.0
3251,5120,395000.0
3252,22572,599000.0
3253,18205,218000.0
3254,8195,589950.0
3255,7600,218000.0
3256,7200,360000.0
3257,7680,350000.0
3258,5606,350000.0
3259,4750,845000.0
3260,203425,839000.0
3261,4000,850000.0
3262,5220,329950.0
3263,6180,425000.0
3264,5500,210000.0
3265,2640,631500.0
3266,5400,295000.0
3267,5000,575000.0
3268,6031,415000.0
3269,13900,859000.0
3270,2772,639888.0
3271,1119,329445.0
3272,4850,745641.0
3273,1936,395000.0
3274,31450,790000.0
3275,4000,890000.0
3276,7508,400000.0
3277,9600,365500.0
3278,5760,245000.0
3279,8548,390000.0
3280,9000,196500.0
3281,13470,1200000.0
3282,7566,276900.0
3283,47044,995000.0
3284,8570,2300000.0
3285,8060,505000.0
3286,37034,1229000.0
3287,8890,352000.0
3288,8250,597326.0
3289,5719,800000.0
3290,8364,270000.0
3291,9415,235000.0
3292,1845,409900.0
3293,5377,739900.0
3294,4736,608000.0
3295,2910,381500.0
3296,3700,562100.0
3297,10392,740000.0
3298,18144,308000.0
3299,10200,905000.0
3300,15253,762000.0
3301,48693,356000.0
3302,5000,750000.0
3303,9984,418800.0
3304,11250,276000.0
3305,7510,725000.0
3306,6377,285000.0
3307,8498,205000.0
3308,8144,583000.0
3309,3375,657000.0
3310,9583,386000.0
3311,19439,589950.0
3312,3333,575000.0
3313,6832,574000.0
3314,4211,690500.0
3315,4008,565000.0
3316,4750,500000.0
3317,28535,330000.0
3318,3475,286000.0
3319,11740,450000.0
3320,4000,870000.0
3321,5170,725000.0
3322,4840,275000.0
3323,16960,645000.0
3324,3264,152000.0
3325,5336,315000.0
3326,29258,190000.0
3327,5686,700000.0
3328,6180,233000.0
3329,6136,249000.0
3330,5400,310000.0
3331,8450,265950.0
3332,9648,860000.0
3333,4800,200000.0
3334,3672,402000.0
3335,8240,305000.0
3336,10695,505000.0
3337,4775,1355000.0
3338,7307,482000.0
3339,7650,299950.0
3340,12415,770000.0
3341,8400,245700.0
3342,8400,283000.0
3343,16532,650000.0
3344,7910,530000.0
3345,17100,440000.0
3346,284011,1005000.0
3347,9162,599990.0
3348,3974,544000.0
3349,22885,1700000.0
3350,8398,270000.0
3351,3036,435000.0
3352,8184,349000.0
3353,127631,1140000.0
3354,10051,320000.0
3355,8086,804100.0
3356,1406,594000.0
3357,49765,531500.0
3358,18815,1150000.0
3359,11400,374500.0
3360,5650,450000.0
3361,16570,744500.0
3362,15512,913888.0
3363,6000,760000.0
3364,6300,346500.0
3365,8250,280000.0
3366,11165,557500.0
3367,8184,260000.0
3368,2885,1330000.0
3369,6000,640000.0
3370,5458,280000.0
3371,8750,205000.0
3372,5000,957000.0
3373,21208,625000.0
3374,6200,680000.0
3375,8100,150000.0
3376,3676,255950.0
3377,7686,246500.0
3378,4390,450000.0
3379,9000,595888.0
3380,22144,454000.0
3381,8593,299900.0
3382,6833,200000.0
3383,11802,346500.0
3384,6825,585000.0
3385,13430,383000.0
3386,2617,519000.0
3387,7700,410000.0
3388,5415,578000.0
3389,17398,1280000.0
3390,1493,395000.0
3391,2790,364000.0
3392,2820,240000.0
3393,3600,328423.0
3394,4613,594000.0
3395,2267,425000.0
3396,3730,309620.0
3397,7760,260000.0
3398,1312,563500.0
3399,5477,975000.0
3400,2691,937000.0
3401,1102,518500.0
3402,174240,563500.0
3403,7832,1050000.0
3404,16290,350000.0
3405,7140,826000.0
3406,11475,225000.0
3407,5926,235867.0
3408,5000,399000.0
3409,6000,177500.0
3410,9289,224000.0
3411,17664,302000.0
3412,13964,760000.0
3413,8490,460000.0
3414,6700,415000.0
3415,10766,669000.0
3416,20000,254600.0
3417,8840,357250.0
3418,50479,910000.0
3419,5000,725000.0
3420,4400,670000.0
3421,5750,440000.0
3422,19850,1025000.0
3423,5316,320000.0
3424,5499,310000.0
3425,10800,772650.0
3426,11877,669950.0
3427,7598,690000.0
3428,22651,385000.0
3429,37843,663000.0
3430,10395,300000.0
3431,11276,225500.0
3432,34175,320000.0
3433,14800,775000.0
3434,5875,805000.0
3435,7410,252750.0
3436,16117,254000.0
3437,6875,620000.0
3438,8751,435000.0
3439,19017,460000.0
3440,6684,268000.0
3441,1221,446000.0
3442,7200,285000.0
3443,26571,530000.0
3444,2475,402000.0
3445,12497,358000.0
3446,7350,354950.0
3447,4652,405000.0
3448,265716,568000.0
3449,49709,575000.0
3450,10200,315000.0
3451,7350,280927.0
3452,7826,440000.0
3453,9900,270000.0
3454,4000,755000.0
3455,7200,289659.0
3456,6930,555000.0
3457,23660,450000.0
3458,4000,1145000.0
3459,11787,495000.0
3460,8500,1250000.0
3461,6975,580000.0
3462,16360,560000.0
3463,5267,1080000.0
3464,3340,450000.0
3465,11989,815000.0
3466,5476,354000.0
3467,6620,279900.0
3468,7954,339000.0
3469,5040,1340000.0
3470,136915,710000.0
3471,4743,815000.0
3472,75794,800000.0
3473,3729,638000.0
3474,11085,475580.0
3475,27760,243800.0
3476,8016,600000.0
3477,41343,620000.0
3478,5080,750000.0
3479,5000,626000.0
3480,9946,230000.0
3481,7479,537000.0
3482,8040,210000.0
3483,9346,200500.0
3484,12384,253500.0
3485,9612,150000.0
3486,6290,440000.0
3487,478288,667000.0
3488,9622,660000.0
3489,12063,695000.0
3490,7526,440000.0
3491,20001,1388000.0
3492,6710,219500.0
3493,15600,220000.0
3494,81021,270000.0
3495,5000,900000.0
3496,5000,1990000.0
3497,16809,800000.0
3498,19000,365000.0
3499,5500,1387800.0
3500,8925,451000.0
3501,7569,202000.0
3502,16684,1410000.0
3503,6417,471000.0
3504,12100,827000.0
3505,9583,235000.0
3506,4482,216500.0
3507,6654,359000.0
3508,8002,252500.0
3509,14500,370000.0
3510,3876,663000.0
3511,6738,971971.0
3512,249126,420000.0
3513,3031,330675.0
3514,2171,240000.0
3515,7324,334888.0
3516,4540,414000.0
3517,3898,782900.0
3518,6625,525000.0
3519,5353,429900.0
3520,913,390000.0
3521,11968,224000.0
3522,6819,257500.0
3523,3200,665000.0
3524,8050,327000.0
3525,213444,425000.0
3526,10970,687500.0
3527,5300,672500.0
3528,7473,140000.0
3529,15600,215500.0
3530,8424,464900.0
3531,7700,417000.0
3532,37533,453000.0
3533,1545,700000.0
3534,9750,1619999.0
3535,12349,259500.0
3536,35091,460000.0
3537,6380,561500.0
3538,63118,641000.0
3539,7350,330000.0
3540,8380,447000.0
3541,4865,320000.0
3542,5040,212700.0
3543,4800,260000.0
3544,45738,410000.0
3545,7867,355000.0
3546,11400,275500.0
3547,8944,415000.0
3548,7950,279000.0
3549,14322,350000.0
3550,10838,355000.0
3551,11597,750000.0
3552,6300,235000.0
3553,9583,209950.0
3554,9600,230000.0
3555,54450,725000.0
3556,2570,430000.0
3557,7200,661500.0
3558,4896,738000.0
3559,53330,1820000.0
3560,8789,221000.0
3561,35000,665000.0
3562,6194,255000.0
3563,13297,1195000.0
3564,22693,355000.0
3565,24300,755000.0
3566,8911,300000.0
3567,7100,500000.0
3568,3400,191000.0
3569,4240,315000.0
3570,1536,415000.0
3571,9793,394000.0
3572,5348,490000.0
3573,5000,523460.0
3574,16197,550000.0
3575,10409,342000.0
3576,6583,560000.0
3577,13833,1050000.0
3578,4080,710000.0
3579,4800,1020000.0
3580,10431,399950.0
3581,3420,480000.0
3582,19000,410000.0
3583,48351,530000.0
3584,40642,528000.0
3585,8913,469900.0
3586,6757,397000.0
3587,6240,718500.0
3588,8100,195000.0
3589,8155,285000.0
3590,2500,295000.0
3591,37800,602000.0
3592,8712,235000.0
3593,6000,465000.0
3594,18000,234000.0
3595,1687,504200.0
3596,4153,710000.0
3597,3075,589500.0
3598,64626,415000.0
3599,1212,735000.0
3600,9391,427000.0
3601,8580,982000.0
3602,10000,459000.0
3603,5527,483453.0
3604,4440,246950.0
3605,1456,235000.0
3606,942,288790.0
3607,1773,229800.0
3608,638,516500.0
3609,7200,1600000.0
3610,8128,234000.0
3611,3376,230000.0
3612,8499,300000.0
3613,5000,470000.0
3614,9087,339900.0
3615,2542,650000.0
3616,16777,585000.0
3617,11500,699900.0
3618,40918,598000.0
3619,9100,475000.0
3620,17355,314500.0
3621,1275,397000.0
3622,15005,345000.0
3623,6222,325000.0
3624,7650,265000.0
3625,15540,402000.0
3626,54014,835000.0
3627,7048,780000.0
3628,9220,250000.0
3629,3360,1200000.0
3630,2067,935000.0
3631,8153,300000.0
3632,4980,419000.0
3633,5750,410000.0
3634,5001,1165000.0
3635,8666,461000.0
3636,7030,385000.0
3637,4046,669500.0
3638,10733,491950.0
3639,14630,1230000.0
3640,15002,560000.0
3641,7341,370000.0
3642,60548,263400.0
3643,7623,100000.0
3644,8584,289950.0
3645,8100,263000.0
3646,7859,397500.0
3647,14197,245000.0
3648,6300,535000.0
3649,6031,449000.0
3650,3497,490000.0
3651,39446,445800.0
3652,5750,345000.0
3653,7200,327500.0
3654,11173,436500.0
3655,9600,550000.0
3656,3400,441000.0
3657,5750,406500.0
3658,1758,243000.0
3659,10316,359500.0
3660,165528,760000.0
3661,8050,1925000.0
3662,6589,408000.0
3663,9664,480000.0
3664,3245,875000.0
3665,8800,308000.0
3666,4392,880000.0
3667,26540,1730000.0
3668,24792,170000.0
3669,4322,491500.0
3670,4506,515000.0
3671,128502,550000.0
3672,9967,255000.0
3673,4007,635000.0
3674,2387,850000.0
3675,10856,265000.0
3676,8855,349810.0
3677,6300,972000.0
3678,28800,235000.0
3679,11784,330000.0
3680,15048,500000.0
3681,29185,570000.0
3682,12215,1309500.0
3683,1613,544000.0
3684,7904,439000.0
3685,15086,530000.0
3686,934,427500.0
3687,5970,337000.0
3688,9143,1095000.0
3689,3840,435000.0
3690,5700,765000.0
3691,9786,492650.0
3692,6998,383962.0
3693,7680,950000.0
3694,1330,457000.0
3695,11250,1510000.0
3696,5265,882566.0
3697,8589,963000.0
3698,5000,345000.0
3699,7965,2065000.0
3700,221284,800000.0
3701,13303,314500.0
3702,39478,530000.0
3703,46748,650000.0
3704,3600,349500.0
3705,3850,1198000.0
3706,8514,165050.0
3707,11000,580000.0
3708,11312,330000.0
3709,8279,875000.0
3710,4500,500000.0
3711,42077,445000.0
3712,6600,274900.0
3713,9310,219950.0
3714,7200,691500.0
3715,3825,459500.0
3716,5080,955500.0
3717,8976,328950.0
3718,6000,307000.0
3719,9000,382500.0
3720,10422,1150000.0
3721,9420,1297000.0
3722,3896,478000.0
3723,7906,260000.0
3724,112750,850000.0
3725,5846,616000.0
3726,9580,540000.0
3727,5128,300000.0
3728,9594,507500.0
3729,42840,3800000.0
3730,7000,241000.0
3731,47916,485000.0
3732,51354,695000.0
3733,11005,548000.0
3734,7775,345000.0
3735,10710,280000.0
3736,13775,450000.0
3737,7200,515000.0
3738,12855,1014250.0
3739,5029,739900.0
3740,14878,600000.0
3741,6050,370000.0
3742,12866,729032.0
3743,7020,510000.0
3744,19163,425000.0
3745,7216,1080000.0
3746,941,337000.0
3747,3376,563000.0
3748,10900,1695000.0
3749,4072,245000.0
3750,6413,590000.0
3751,4080,695000.0
3752,2280,402500.0
3753,13446,435000.0
3754,28500,660000.0
3755,9620,300000.0
3756,7781,600000.0
3757,8239,205000.0
3758,5100,357500.0
3759,4000,1110000.0
3760,1029,332888.0
3761,13531,174000.0
3762,5000,515000.0
3763,32481,392000.0
3764,4096,485000.0
3765,9546,217500.0
3766,45613,502000.0
3767,9750,820000.0
3768,5445,1640000.0
3769,4320,102500.0
3770,12637,925000.0
3771,10140,540000.0
3772,2002,600000.0
3773,8475,406000.0
3774,6325,620000.0
3775,16015,1060000.0
3776,11172,401000.0
3777,6000,725000.0
3778,1801,276000.0
3779,12087,500000.0
3780,35150,375000.0
3781,9778,2300000.0
3782,9680,260000.0
3783,12750,1565000.0
3784,6087,431000.0
3785,9601,321000.0
3786,5053,433000.0
3787,10666,920000.0
3788,21485,482000.0
3789,4094,712000.0
3790,9778,505000.0
3791,17450,2367000.0
3792,9012,452000.0
3793,2566,581000.0
3794,5055,952500.0
3795,8866,808000.0
3796,6885,476000.0
3797,5000,535000.0
3798,5800,1356925.0
3799,1984,629800.0
3800,5048,417838.0
3801,4500,399895.0
3802,6637,825000.0
3803,3826,300000.0
3804,965,640000.0
3805,1053,460000.0
3806,1458,525000.0
3807,6334,499990.0
3808,8501,1020000.0
3809,10300,675000.0
3810,3000,512031.0
3811,3000,310000.0
3812,10302,1075000.0
3813,8960,255000.0
3814,7984,435000.0
3815,15050,453000.0
3816,7992,260000.0
3817,10800,659000.0
3818,7231,223000.0
3819,9792,851000.0
3820,12134,605000.0
3821,5950,895000.0
3822,13054,519000.0
3823,12141,535000.0
3824,10375,489000.0
3825,7738,250000.0
3826,3960,580000.0
3827,13296,1038000.0
3828,48788,605000.0
3829,3080,599950.0
3830,23891,700000.0
3831,10052,480000.0
3832,4558,329950.0
3833,24805,250000.0
3834,6994,345000.0
3835,6000,175000.0
3836,6700,185000.0
3837,76665,411000.0
3838,4000,690000.0
3839,8170,265000.0
3840,12327,720000.0
3841,5787,256000.0
3842,3179,255000.0
3843,1800,540000.0
3844,5511,481015.0
3845,8625,575000.0
3846,34041,339950.0
3847,7260,475000.0
3848,6517,732000.0
3849,3720,860000.0
3850,7700,389000.0
3851,11472,645000.0
3852,5444,475000.0
3853,5005,550000.0
3854,12960,305000.0
3855,3600,782000.0
3856,7200,545000.0
3857,6042,394500.0
3858,9072,600000.0
3859,21600,1300000.0
3860,11919,300000.0
3861,6093,330000.0
3862,4748,723000.0
3863,18916,2271150.0
3864,7737,480000.0
3865,9260,496000.0
3866,1641,625000.0
3867,13468,475000.0
3868,7199,275250.0
3869,7128,253000.0
3870,9880,630000.0
3871,5500,660500.0
3872,7800,262000.0
3873,5500,2147500.0
3874,9900,552000.0
3875,9400,1411600.0
3876,4000,736000.0
3877,7416,355000.0
3878,7424,305000.0
3879,1870,484998.0
3880,3979,1054690.0
3881,1858,334500.0
3882,6178,475000.0
3883,4500,309780.0
3884,7798,795000.0
3885,4050,274500.0
3886,2119,265050.0
3887,2502,567500.0
3888,62726,915000.0
3889,6300,285000.0
3890,5692,445838.0
3891,11325,304900.0
3892,9525,940000.0
3893,8281,1127000.0
3894,25714,835000.0
3895,11250,290000.0
3896,8868,250000.0
3897,6448,342000.0
3898,16263,1012000.0
3899,7200,400000.0
3900,7969,312500.0
3901,10875,267000.0
3902,6743,575000.0
3903,9041,810000.0
3904,5000,850000.0
3905,4000,1015000.0
3906,60123,1100000.0
3907,8750,240000.0
3908,7200,198000.0
3909,8624,565000.0
3910,18129,1195000.0
3911,6695,340000.0
3912,4203,815000.0
3913,10929,1875000.0
3914,4900,588000.0
3915,6962,280500.0
3916,76877,390000.0
3917,3521,509000.0
3918,11447,490600.0
3919,4500,650000.0
3920,2250,715000.0
3921,5000,529950.0
3922,8610,265000.0
3923,4800,1755000.0
3924,33503,1140000.0
3925,13418,610000.0
3926,4350,554729.0
3927,10453,395000.0
3928,4814,341000.0
3929,11385,264500.0
3930,35070,395000.0
3931,10115,640000.0
3932,5080,430000.0
3933,9000,410000.0
3934,6000,220000.0
3935,3600,1625000.0
3936,1252,405500.0
3937,10000,633000.0
3938,6200,295950.0
3939,43560,1042031.0
3940,10786,605000.0
3941,1598,255000.0
3942,8000,474000.0
3943,5040,370000.0
3944,3593,288000.0
3945,5240,100000.0
3946,8921,1150000.0
3947,13899,600000.0
3948,9629,515000.0
3949,5523,345000.0
3950,54160,975000.0
3951,8800,850000.0
3952,1348,439990.0
3953,10254,554950.0
3954,6405,605000.0
3955,1526,609000.0
3956,1022,425000.0
3957,1005,399900.0
3958,10860,1025000.0
3959,19412,2351956.0
3960,6160,519995.0
3961,7200,625000.0
3962,7609,600000.0
3963,4275,1200000.0
3964,6513,1738000.0
3965,5700,671000.0
3966,4950,459500.0
3967,1326,499000.0
3968,4620,1280000.0
3969,7700,395000.0
3970,5639,861990.0
3971,4440,382500.0
3972,217014,404950.0
3973,2500,530000.0
3974,27007,195000.0
3975,18600,747500.0
3976,8560,199990.0
3977,4704,548800.0
3978,36246,870000.0
3979,4777,588000.0
3980,241322,775000.0
3981,36171,670000.0
3982,2500,445000.0
3983,10800,300000.0
3984,9090,480000.0
3985,5160,300000.0
3986,22000,360000.0
3987,8401,527000.0
3988,12686,875000.0
3989,7102,266000.0
3990,9786,866000.0
3991,5192,335950.0
3992,9563,215000.0
3993,8269,481000.0
3994,11646,320000.0
3995,7500,295000.0
3996,7222,295000.0
3997,10576,320000.0
3998,4800,780000.0
3999,4800,437500.0
4000,3000,443000.0
4001,6137,575000.0
4002,6685,245000.0
4003,12793,450000.0
4004,746,536000.0
4005,11070,685000.0
4006,7920,373000.0
4007,8394,450000.0
4008,18653,645000.0
4009,46609,1275000.0
4010,6000,230000.0
4011,1850,593000.0
4012,5750,558000.0
4013,15229,538250.0
4014,8050,475000.0
4015,7300,209950.0
4016,19206,410000.0
4017,6765,1636000.0
4018,68519,670000.0
4019,8476,821000.0
4020,17788,665000.0
4021,3748,339000.0
4022,5650,631500.0
4023,2808,570000.0
4024,17568,437000.0
4025,10086,542500.0
4026,6000,229500.0
4027,7700,170500.0
4028,9625,391500.0
4029,4170,296475.0
4030,4103,1450000.0
4031,38322,888550.0
4032,108900,1360000.0
4033,7904,328000.0
4034,5195,300000.0
4035,3012,500000.0
4036,2091,494815.0
4037,2491,378000.0
4038,1209,505000.0
4039,3920,680000.0
4040,4200,351999.0
4041,1237,510000.0
4042,4000,1300000.0
4043,1575,374000.0
4044,9053,509900.0
4045,1201,230000.0
4046,9375,527700.0
4047,1372,438000.0
4048,12600,900000.0
4049,13791,1131000.0
4050,9503,439000.0
4051,2674,315000.0
4052,7221,765000.0
4053,14915,332000.0
4054,46609,600000.0
4055,43821,378500.0
4056,10575,190000.0
4057,37522,645000.0
4058,2500,780000.0
4059,16817,370000.0
4060,108464,875000.0
4061,126759,1049000.0
4062,13750,479000.0
4063,6390,245000.0
4064,8030,542000.0
4065,9670,557500.0
4066,3040,480000.0
4067,4060,330000.0
4068,8700,160000.0
4069,9180,695500.0
4070,13713,235500.0
4071,7920,326500.0
4072,8065,300000.0
4073,8100,267000.0
4074,7123,292600.0
4075,3000,362000.0
4076,11340,1087500.0
4077,1032,357562.0
4078,25150,789900.0
4079,4592,513000.0
4080,10160,336000.0
4081,9800,560000.0
4082,48743,1150000.0
4083,7283,410000.0
4084,6400,371500.0
4085,11942,368000.0
4086,57499,650000.0
4087,8562,308950.0
4088,217800,440000.0
4089,3507,630000.0
4090,9085,228950.0
4091,53428,782000.0
4092,2788,245000.0
4093,4020,410000.0
4094,4000,427550.0
4095,7920,235000.0
4096,9380,210000.0
4097,7200,485000.0
4098,6000,410000.0
4099,9640,435000.0
4100,7314,300000.0
4101,6000,455000.0
4102,8179,210000.0
4103,3433,1050000.0
4104,10300,458400.0
4105,16552,390000.0
4106,7360,148226.0
4107,9316,711600.0
4108,13391,819000.0
4109,1890,613000.0
4110,4665,592350.0
4111,15000,232000.0
4112,10400,250000.0
4113,9812,115000.0
4114,31931,1115000.0
4115,6185,585000.0
4116,5980,580000.0
4117,8050,165000.0
4118,6039,430000.0
4119,15000,383000.0
4120,6654,1195000.0
4121,5000,201500.0
4122,35400,690000.0
4123,7260,325000.0
4124,9673,375000.0
4125,11370,600000.0
4126,13090,340000.0
4127,4020,890000.0
4128,7700,415000.0
4129,9720,255000.0
4130,779,530000.0
4131,9848,468000.0
4132,5040,970000.0
4133,14680,599000.0
4134,4840,399500.0
4135,14986,2458000.0
4136,5500,1205000.0
4137,4080,325000.0
4138,217800,1135250.0
4139,17476,568000.0
4140,3408,517000.0
4141,14178,469950.0
4142,8343,1675000.0
4143,11000,2180000.0
4144,16313,623000.0
4145,8400,720000.0
4146,8240,205000.0
4147,4200,148000.0
4148,7800,950000.0
4149,7683,405000.0
4150,3481,293000.0
4151,3582,550000.0
4152,3143,435000.0
4153,5470,355000.0
4154,3496,673000.0
4155,5539,449990.0
4156,2686,249000.0
4157,32400,380000.0
4158,5859,760005.0
4159,5140,674600.0
4160,3634,812000.0
4161,3916,333490.0
4162,1387,320000.0
4163,10849,999000.0
4164,8572,810000.0
4165,5400,399950.0
4166,4166,550000.0
4167,15954,290000.0
4168,9887,232500.0
4169,11000,1355000.0
4170,7394,565000.0
4171,18700,749950.0
4172,35298,720500.0
4173,40098,507000.0
4174,13474,989000.0
4175,6660,463000.0
4176,9908,310000.0
4177,8800,284000.0
4178,10900,737500.0
4179,8227,569000.0
4180,7200,700000.0
4181,3500,660000.0
4182,8426,275000.0
4183,6015,570000.0
4184,38500,150000.0
4185,3411,356000.0
4186,5827,610000.0
4187,4614,498800.0
4188,4440,226550.0
4189,7984,692500.0
4190,8062,250000.0
4191,4543,660000.0
4192,6500,295000.0
4193,10183,154950.0
4194,11340,409124.0
4195,9230,287000.0
4196,3988,810000.0
4197,6308,525000.0
4198,10440,525000.0
4199,7800,275000.0
4200,5100,583000.0
4201,7926,237950.0
4202,9800,1065000.0
4203,4480,679000.0
4204,6420,1465000.0
4205,6250,410000.0
4206,7200,306000.0
4207,5040,215000.0
4208,10006,594950.0
4209,5500,1250000.0
4210,12196,305000.0
4211,8830,425000.0
4212,29004,215000.0
4213,7725,480000.0
4214,9000,550000.0
4215,7465,750000.0
4216,27442,137124.0
4217,11177,840000.0
4218,14274,624800.0
4219,8767,630000.0
4220,9380,590000.0
4221,1804,599950.0
4222,3044,299880.0
4223,6875,400000.0
4224,6058,560000.0
4225,7688,229000.0
4226,9958,525000.0
4227,9772,737000.0
4228,5720,680000.0
4229,35430,635000.0
4230,15091,740000.0
4231,6780,335500.0
4232,8063,270000.0
4233,10660,1037000.0
4234,209523,450000.0
4235,2913,379000.0
4236,8400,468000.0
4237,1942,321500.0
4238,8223,443000.0
4239,7324,340000.0
4240,17199,470000.0
4241,17377,545000.0
4242,11367,415000.0
4243,5750,599000.0
4244,4750,759000.0
4245,5015,300000.0
4246,18707,1681000.0
4247,4980,359000.0
4248,3600,550000.0
4249,6380,395000.0
4250,12047,486000.0
4251,11600,187000.0
4252,47179,734950.0
4253,10018,284000.0
4254,38546,696000.0
4255,3910,380000.0
4256,5500,625000.0
4257,8250,252000.0
4258,9219,560000.0
4259,37026,395000.0
4260,4372,900000.0
4261,20445,2680000.0
4262,76230,625000.0
4263,5100,580000.0
4264,8755,309000.0
4265,9767,412000.0
4266,192099,495000.0
4267,7280,215000.0
4268,5760,741500.0
4269,5348,749000.0
4270,9400,659950.0
4271,3078,530000.0
4272,6000,749000.0
4273,17004,2321000.0
4274,4560,595000.0
4275,5001,487000.0
4276,8365,760000.0
4277,10327,1240000.0
4278,5200,435000.0
4279,1484,374950.0
4280,1413,440000.0
4281,5000,360000.0
4282,22111,879000.0
4283,171626,1550000.0
4284,57000,505000.0
4285,14057,545000.0
4286,102366,600000.0
4287,5000,775000.0
4288,2719,725000.0
4289,36583,610000.0
4290,8147,350000.0
4291,6500,410000.0
4292,5419,639000.0
4293,7500,439000.0
4294,7700,499950.0
4295,4000,800000.0
4296,9538,350000.0
4297,6300,279000.0
4298,7885,290256.0
4299,4038,355000.0
4300,9187,263000.0
4301,3680,880000.0
4302,6515,426500.0
4303,8159,735000.0
4304,8930,720000.0
4305,6000,265000.0
4306,85728,840000.0
4307,10960,657500.0
4308,13430,850000.0
4309,1235,436110.0
4310,66646,589900.0
4311,6630,620000.0
4312,4235,254000.0
4313,8106,375000.0
4314,8449,455000.0
4315,8395,445000.0
4316,4200,568500.0
4317,8182,352500.0
4318,7507,342500.0
4319,7942,299950.0
4320,5689,425000.0
4321,5250,561000.0
4322,10311,455500.0
4323,23100,400000.0
4324,21781,443500.0
4325,6551,1234582.0
4326,67518,370000.0
4327,8008,475000.0
4328,35752,580000.0
4329,8000,518000.0
4330,6970,525000.0
4331,5827,236000.0
4332,6206,278500.0
4333,6780,205425.0
4334,9400,248000.0
4335,1596,505000.0
4336,10496,657500.0
4337,1438,670000.0
4338,833,202000.0
4339,8119,440000.0
4340,8810,690000.0
4341,5793,375000.0
4342,9788,291000.0
4343,6956,230000.0
4344,6744,850000.0
4345,16475,84350.0
4346,11394,12899000.0
4347,9200,2110000.0
4348,5427,2199900.0
4349,19542,188000.0
4350,7793,26590000.0
4351,16344,7800.0
4352,9397,237227.857143
4353,306848,117833.333333
4354,10125,0.0
4355,5900,744312.5
4356,5390,0.0
4357,9200,0.0
4358,36615,0.0
4359,4082,439333.333333
4360,11088,280000.0
4361,7112,0.0
4362,18804,0.0
4363,7200,176225.0
4364,2289,500324.0
4365,3573,444845.0
4366,1570,330000.0
4367,13860,292285.714286
4368,22334,160000.0
4369,191228,274333.333333
4370,33976,537500.0
4371,73151,232333.333333
4372,1842,237333.333333
4373,30736,346750.0
4374,188200,0.0
4375,78843,1020000.0
4376,10500,0.0
4377,17208,254000.0
4378,8209,238750.0
4379,7066,268971.875
4380,10000,642000.0
4381,11610,571986.111111
4382,6324,0.0
4383,9000,0.0
4384,1709,554250.0
4385,11023,0.0
4386,22870,0.0
4387,131551,107500.0
4388,7066,300000.0
4389,10308,0.0
4390,9972,540833.333333
4391,1562,274750.0
4392,5000,148612.5
4393,4800,326428.571429
4394,12353,0.0
4395,7200,135333.333333
4396,3750,577437.5
4397,4333,440825.0
4398,10655,195000.0
4399,7672,257500.0
4400,34460,692000.0
4401,9612,176400.0
4402,5000,193000.0
4403,64441,646212.5
4404,6687,268971.875
4405,4545,0.0
4406,10716,317061.875
4407,7770,83300.0
4408,11965,0.0
4409,5200,266066.666667
4410,7403,342246.428571
4411,7900,0.0
4412,7440,0.0
4413,6180,0.0
4414,8300,240015.333333
4415,78408,83300.0
4416,35621,316850.0
4417,9898,259585.571429
4418,9600,328211.904762
4419,12899,673476.818182
4420,13372,0.0
4421,5449,425000.0
4422,4222,127160.0
4423,7741,341750.0
4424,8960,178650.0
4425,6685,87500.0
4426,5002,282508.888889
4427,3731,450385.714286
4428,18000,435000.0
4429,11900,532500.0
4430,19876,408900.0
4431,4120,156766.666667
4432,13703,452500.0
4433,4800,308830.769231
4434,4344,484991.666667
4435,5000,287919.782609
4436,4776,247875.0
4437,19821,309487.5
4438,5000,173666.666667
4439,7560,237481.25
4440,4522,326983.333333
4441,5100,790000.0
4442,6000,0.0
4443,3035,678333.333333
4444,36250,542804.75
4445,12880,723243.75
4446,10257,667781.25
4447,9936,108333.333333
4448,5616,0.0
4449,5350,535000.0
4450,6000,596165.428571
4451,27200,269187.5
4452,6860,148612.5
4453,6710,0.0
4454,4698,0.0
4455,3800,341166.666667
4456,115434,132500.0
4457,12447,557125.0
4458,11325,228944.444444
4459,29970,592105.714286
4460,8051,535000.0
4461,8100,420642.857143
4462,12128,132250.0
4463,7242,237227.857143
4464,6250,440825.0
4465,1664,2560498.33333
4466,4590,423050.925926
4467,9583,1337044.2
4468,12476,315368.7
4469,7500,417985.714286
4470,7215,723243.75
4471,9300,259950.0
4472,19290,0.0
4473,16500,237333.333333
4474,5957,426090.0
4475,7137,458663.888889
4476,21755,812650.0
4477,7200,135333.333333
4478,53898,0.0
4479,7200,0.0
4480,13500,0.0
4481,6863,0.0
4482,8219,387884.615385
4483,11928,437500.0
4484,5137,641633.333333
4485,40386,681965.78125
4486,8281,229629.5
4487,3500,0.0
4488,10119,210614.285714
4489,4000,790000.0
4490,1666,435500.0
4491,3060,738190.857143
4492,12874,497333.333333
4493,8555,300000.0
4494,5801,1036200.0
4495,5500,163785.714286
4496,5340,351250.0
4497,10481,645325.0
4498,8366,171224.8
4499,8225,0.0
4500,18029,540000.0
4501,7000,233166.666667
4502,22470,329333.333333
4503,7665,225279.428571
4504,2509,331366.666667
4505,4500,460886.923077
4506,9839,337945.75
4507,68824,0.0
4508,12519,243069.230769
4509,13783,0.0
4510,14910,690408.62069
4511,40705,592105.714286
4512,8079,220083.333333
4513,19023,280000.0
4514,5000,297857.142857
4515,19126,950833.333333
4516,5753,323833.333333
4517,2700,309000.0
4518,11249,248400.0
4519,6280,994500.0
4520,11600,0.0
4521,7500,0.0
4522,6770,0.0
4523,17826,0.0
4524,9760,288500.0
4525,6413,379509.166667
4526,21675,180785.714286
4527,13194,950100.0
4528,18641,0.0
4529,13800,542500.0
4530,3000,362750.0
4531,14021,234975.0
4532,10200,672500.0
4533,7400,391400.0
4534,7300,0.0
4535,8053,198995.0
4536,9798,278900.0
4537,8512,171758.333333
4538,7560,325187.5
4539,5650,190368.75
4540,7947,375000.0
4541,4000,216000.0
4542,6895,0.0
4543,887,360500.0
4544,27540,677099.565217
4545,31747,405125.0
4546,15330,289987.5
4547,7700,264270.0
4548,10274,602761.0
4549,7800,251555.555556
4550,8160,214750.0
4551,7740,258125.0
4552,4857,0.0
4553,38677,677099.565217
4554,8424,0.0
4555,8040,0.0
4556,1950,167500.0
4557,3672,471500.0
4558,8750,0.0
4559,3400,464600.0
4560,8734,132250.0
4561,1524,433111.111111
4562,16100,542500.0
4563,4920,0.0
4564,8483,368112.5
4565,20011,673476.818182
4566,3210,558653.846154
4567,18362,0.0
4568,6600,168333.333333
4569,4805,268971.875
4570,3503,318000.0
4571,4800,550607.142857
4572,4800,1288333.33333
4573,1036,584000.0
4574,9030,0.0
4575,21738,0.0
4576,7410,245000.0
4577,4600,287919.782609
4578,12653,672500.0
4579,4000,454790.0
4580,7552,282508.888889
4581,4200,473200.0
4582,4650,406062.5
4583,8640,282766.666667
4584,10032,486445.833333
4585,3330,486895.0
4586,1075,430277.777778
4587,8149,229629.5
4588,18226,0.0
4589,8892,182805.0
4590,8331,380680.555556
4591,5752,396166.666667
4592,8169,252980.0
4593,4600,289373.307692
4594,7223,210614.285714
4595,6360,308166.666667
4596,7573,534333.333333
4597,7014,416904.166667
4598,6630,203400.0
4599,8102,220600.0
